Team1,Seed1,Team2,Seed2,PredictedResult,Team1Spelling,Team2Spelling
1163,1,1235,2,1,connecticut,iowa st
1163,1,1228,3,1,connecticut,illinois
1163,1,1120,4,1,connecticut,auburn
1163,1,1361,5,1,connecticut,san diego st
1163,1,1140,6,1,connecticut,brigham young
1163,1,1450,7,1,connecticut,washington st
1163,1,1194,8,1,connecticut,fl atlantic
1163,1,1321,9,1,connecticut,northwestern
1163,1,1179,10,1,connecticut,drake
1163,1,1182,11,1,connecticut,duquesne
1163,1,1412,12,1,connecticut,alabama-birmingham
1163,1,1463,13,1,connecticut,yale
1163,1,1287,14,1,connecticut,morehead st
1163,1,1355,15,1,connecticut,s dakota st
1163,1,1391,16,1,connecticut,stetson
1163,1,1314,1,1,connecticut,north carolina
1163,1,1112,2,1,connecticut,arizona
1163,1,1124,3,1,connecticut,baylor
1163,1,1104,4,1,connecticut,alabama
1163,1,1388,5,1,connecticut,saint mary's
1163,1,1155,6,1,connecticut,clemson
1163,1,1173,7,1,connecticut,dayton
1163,1,1280,8,1,connecticut,mississippi st
1163,1,1277,9,1,connecticut,michigan st
1163,1,1305,10,1,connecticut,nevada
1163,1,1307,11,1,connecticut,new mexico
1163,1,1213,12,1,connecticut,grand canyon
1163,1,1158,13,1,connecticut,charleston
1163,1,1159,14,1,connecticut,colgate
1163,1,1253,15,1,connecticut,long beach st
1163,1,1447,16,1,connecticut,wagner
1163,1,1345,1,1,connecticut,purdue
1163,1,1397,2,1,connecticut,tennessee
1163,1,1166,3,1,connecticut,creighton
1163,1,1242,4,1,connecticut,kansas
1163,1,1211,5,1,connecticut,gonzaga
1163,1,1376,6,1,connecticut,south carolina
1163,1,1400,7,1,connecticut,texas
1163,1,1429,8,1,connecticut,utah st
1163,1,1395,9,1,connecticut,tcu
1163,1,1161,10,1,connecticut,colorado st
1163,1,1332,11,1,connecticut,oregon
1163,1,1270,12,1,connecticut,mcneese
1163,1,1359,13,1,connecticut,samford
1163,1,1103,14,1,connecticut,akron
1163,1,1389,15,1,connecticut,saint peter's
1163,1,1212,16,1,connecticut,grambling
1163,1,1222,1,0,connecticut,houston
1163,1,1266,2,1,connecticut,marquette
1163,1,1246,3,1,connecticut,kentucky
1163,1,1181,4,1,connecticut,duke
1163,1,1458,5,1,connecticut,wisconsin
1163,1,1403,6,1,connecticut,texas tech
1163,1,1196,7,1,connecticut,florida
1163,1,1304,8,1,connecticut,nebraska
1163,1,1401,9,1,connecticut,texas a&m
1163,1,1129,10,1,connecticut,boise st
1163,1,1301,11,1,connecticut,n.c. state
1163,1,1241,12,1,connecticut,james madison
1163,1,1436,13,1,connecticut,vermont
1163,1,1324,14,1,connecticut,oakland
1163,1,1443,15,1,connecticut,w kentucky
1163,1,1255,16,1,connecticut,longwood
1235,2,1228,3,1,iowa st,illinois
1235,2,1120,4,1,iowa st,auburn
1235,2,1361,5,1,iowa st,san diego st
1235,2,1140,6,0,iowa st,brigham young
1235,2,1450,7,1,iowa st,washington st
1235,2,1194,8,1,iowa st,fl atlantic
1235,2,1321,9,1,iowa st,northwestern
1235,2,1179,10,1,iowa st,drake
1235,2,1182,11,1,iowa st,duquesne
1235,2,1412,12,1,iowa st,alabama-birmingham
1235,2,1463,13,1,iowa st,yale
1235,2,1287,14,1,iowa st,morehead st
1235,2,1355,15,1,iowa st,s dakota st
1235,2,1391,16,1,iowa st,stetson
1235,2,1314,1,0,iowa st,north carolina
1235,2,1112,2,1,iowa st,arizona
1235,2,1124,3,1,iowa st,baylor
1235,2,1104,4,1,iowa st,alabama
1235,2,1388,5,1,iowa st,saint mary's
1235,2,1155,6,1,iowa st,clemson
1235,2,1173,7,1,iowa st,dayton
1235,2,1280,8,1,iowa st,mississippi st
1235,2,1277,9,1,iowa st,michigan st
1235,2,1305,10,1,iowa st,nevada
1235,2,1307,11,1,iowa st,new mexico
1235,2,1213,12,1,iowa st,grand canyon
1235,2,1158,13,1,iowa st,charleston
1235,2,1159,14,1,iowa st,colgate
1235,2,1253,15,1,iowa st,long beach st
1235,2,1447,16,1,iowa st,wagner
1235,2,1345,1,1,iowa st,purdue
1235,2,1397,2,0,iowa st,tennessee
1235,2,1166,3,1,iowa st,creighton
1235,2,1242,4,1,iowa st,kansas
1235,2,1211,5,1,iowa st,gonzaga
1235,2,1376,6,1,iowa st,south carolina
1235,2,1400,7,1,iowa st,texas
1235,2,1429,8,1,iowa st,utah st
1235,2,1395,9,1,iowa st,tcu
1235,2,1161,10,1,iowa st,colorado st
1235,2,1332,11,1,iowa st,oregon
1235,2,1270,12,1,iowa st,mcneese
1235,2,1359,13,1,iowa st,samford
1235,2,1103,14,1,iowa st,akron
1235,2,1389,15,1,iowa st,saint peter's
1235,2,1212,16,1,iowa st,grambling
1235,2,1222,1,0,iowa st,houston
1235,2,1266,2,1,iowa st,marquette
1235,2,1246,3,1,iowa st,kentucky
1235,2,1181,4,1,iowa st,duke
1235,2,1458,5,1,iowa st,wisconsin
1235,2,1403,6,1,iowa st,texas tech
1235,2,1196,7,1,iowa st,florida
1235,2,1304,8,1,iowa st,nebraska
1235,2,1401,9,1,iowa st,texas a&m
1235,2,1129,10,1,iowa st,boise st
1235,2,1301,11,1,iowa st,n.c. state
1235,2,1241,12,1,iowa st,james madison
1235,2,1436,13,1,iowa st,vermont
1235,2,1324,14,1,iowa st,oakland
1235,2,1443,15,1,iowa st,w kentucky
1235,2,1255,16,1,iowa st,longwood
1228,3,1120,4,0,illinois,auburn
1228,3,1361,5,1,illinois,san diego st
1228,3,1140,6,0,illinois,brigham young
1228,3,1450,7,1,illinois,washington st
1228,3,1194,8,1,illinois,fl atlantic
1228,3,1321,9,1,illinois,northwestern
1228,3,1179,10,1,illinois,drake
1228,3,1182,11,1,illinois,duquesne
1228,3,1412,12,1,illinois,alabama-birmingham
1228,3,1463,13,1,illinois,yale
1228,3,1287,14,1,illinois,morehead st
1228,3,1355,15,1,illinois,s dakota st
1228,3,1391,16,1,illinois,stetson
1228,3,1314,1,0,illinois,north carolina
1228,3,1112,2,1,illinois,arizona
1228,3,1124,3,0,illinois,baylor
1228,3,1104,4,0,illinois,alabama
1228,3,1388,5,1,illinois,saint mary's
1228,3,1155,6,1,illinois,clemson
1228,3,1173,7,1,illinois,dayton
1228,3,1280,8,1,illinois,mississippi st
1228,3,1277,9,1,illinois,michigan st
1228,3,1305,10,1,illinois,nevada
1228,3,1307,11,1,illinois,new mexico
1228,3,1213,12,1,illinois,grand canyon
1228,3,1158,13,1,illinois,charleston
1228,3,1159,14,1,illinois,colgate
1228,3,1253,15,1,illinois,long beach st
1228,3,1447,16,1,illinois,wagner
1228,3,1345,1,0,illinois,purdue
1228,3,1397,2,1,illinois,tennessee
1228,3,1166,3,0,illinois,creighton
1228,3,1242,4,0,illinois,kansas
1228,3,1211,5,0,illinois,gonzaga
1228,3,1376,6,1,illinois,south carolina
1228,3,1400,7,1,illinois,texas
1228,3,1429,8,1,illinois,utah st
1228,3,1395,9,0,illinois,tcu
1228,3,1161,10,1,illinois,colorado st
1228,3,1332,11,1,illinois,oregon
1228,3,1270,12,1,illinois,mcneese
1228,3,1359,13,1,illinois,samford
1228,3,1103,14,1,illinois,akron
1228,3,1389,15,1,illinois,saint peter's
1228,3,1212,16,1,illinois,grambling
1228,3,1222,1,0,illinois,houston
1228,3,1266,2,0,illinois,marquette
1228,3,1246,3,1,illinois,kentucky
1228,3,1181,4,0,illinois,duke
1228,3,1458,5,1,illinois,wisconsin
1228,3,1403,6,1,illinois,texas tech
1228,3,1196,7,1,illinois,florida
1228,3,1304,8,1,illinois,nebraska
1228,3,1401,9,1,illinois,texas a&m
1228,3,1129,10,1,illinois,boise st
1228,3,1301,11,1,illinois,n.c. state
1228,3,1241,12,1,illinois,james madison
1228,3,1436,13,1,illinois,vermont
1228,3,1324,14,1,illinois,oakland
1228,3,1443,15,1,illinois,w kentucky
1228,3,1255,16,1,illinois,longwood
1120,4,1361,5,1,auburn,san diego st
1120,4,1140,6,0,auburn,brigham young
1120,4,1450,7,1,auburn,washington st
1120,4,1194,8,1,auburn,fl atlantic
1120,4,1321,9,1,auburn,northwestern
1120,4,1179,10,1,auburn,drake
1120,4,1182,11,1,auburn,duquesne
1120,4,1412,12,1,auburn,alabama-birmingham
1120,4,1463,13,1,auburn,yale
1120,4,1287,14,1,auburn,morehead st
1120,4,1355,15,1,auburn,s dakota st
1120,4,1391,16,1,auburn,stetson
1120,4,1314,1,1,auburn,north carolina
1120,4,1112,2,0,auburn,arizona
1120,4,1124,3,1,auburn,baylor
1120,4,1104,4,1,auburn,alabama
1120,4,1388,5,1,auburn,saint mary's
1120,4,1155,6,1,auburn,clemson
1120,4,1173,7,1,auburn,dayton
1120,4,1280,8,1,auburn,mississippi st
1120,4,1277,9,1,auburn,michigan st
1120,4,1305,10,1,auburn,nevada
1120,4,1307,11,1,auburn,new mexico
1120,4,1213,12,1,auburn,grand canyon
1120,4,1158,13,1,auburn,charleston
1120,4,1159,14,1,auburn,colgate
1120,4,1253,15,1,auburn,long beach st
1120,4,1447,16,1,auburn,wagner
1120,4,1345,1,0,auburn,purdue
1120,4,1397,2,0,auburn,tennessee
1120,4,1166,3,0,auburn,creighton
1120,4,1242,4,1,auburn,kansas
1120,4,1211,5,1,auburn,gonzaga
1120,4,1376,6,1,auburn,south carolina
1120,4,1400,7,1,auburn,texas
1120,4,1429,8,1,auburn,utah st
1120,4,1395,9,1,auburn,tcu
1120,4,1161,10,1,auburn,colorado st
1120,4,1332,11,1,auburn,oregon
1120,4,1270,12,1,auburn,mcneese
1120,4,1359,13,1,auburn,samford
1120,4,1103,14,1,auburn,akron
1120,4,1389,15,1,auburn,saint peter's
1120,4,1212,16,1,auburn,grambling
1120,4,1222,1,0,auburn,houston
1120,4,1266,2,1,auburn,marquette
1120,4,1246,3,1,auburn,kentucky
1120,4,1181,4,0,auburn,duke
1120,4,1458,5,1,auburn,wisconsin
1120,4,1403,6,1,auburn,texas tech
1120,4,1196,7,1,auburn,florida
1120,4,1304,8,1,auburn,nebraska
1120,4,1401,9,1,auburn,texas a&m
1120,4,1129,10,1,auburn,boise st
1120,4,1301,11,1,auburn,n.c. state
1120,4,1241,12,1,auburn,james madison
1120,4,1436,13,1,auburn,vermont
1120,4,1324,14,1,auburn,oakland
1120,4,1443,15,1,auburn,w kentucky
1120,4,1255,16,1,auburn,longwood
1361,5,1140,6,0,san diego st,brigham young
1361,5,1450,7,0,san diego st,washington st
1361,5,1194,8,1,san diego st,fl atlantic
1361,5,1321,9,1,san diego st,northwestern
1361,5,1179,10,1,san diego st,drake
1361,5,1182,11,1,san diego st,duquesne
1361,5,1412,12,1,san diego st,alabama-birmingham
1361,5,1463,13,1,san diego st,yale
1361,5,1287,14,1,san diego st,morehead st
1361,5,1355,15,1,san diego st,s dakota st
1361,5,1391,16,1,san diego st,stetson
1361,5,1314,1,0,san diego st,north carolina
1361,5,1112,2,0,san diego st,arizona
1361,5,1124,3,0,san diego st,baylor
1361,5,1104,4,0,san diego st,alabama
1361,5,1388,5,0,san diego st,saint mary's
1361,5,1155,6,0,san diego st,clemson
1361,5,1173,7,0,san diego st,dayton
1361,5,1280,8,1,san diego st,mississippi st
1361,5,1277,9,0,san diego st,michigan st
1361,5,1305,10,1,san diego st,nevada
1361,5,1307,11,0,san diego st,new mexico
1361,5,1213,12,0,san diego st,grand canyon
1361,5,1158,13,1,san diego st,charleston
1361,5,1159,14,1,san diego st,colgate
1361,5,1253,15,1,san diego st,long beach st
1361,5,1447,16,1,san diego st,wagner
1361,5,1345,1,0,san diego st,purdue
1361,5,1397,2,0,san diego st,tennessee
1361,5,1166,3,0,san diego st,creighton
1361,5,1242,4,0,san diego st,kansas
1361,5,1211,5,0,san diego st,gonzaga
1361,5,1376,6,0,san diego st,south carolina
1361,5,1400,7,1,san diego st,texas
1361,5,1429,8,1,san diego st,utah st
1361,5,1395,9,0,san diego st,tcu
1361,5,1161,10,1,san diego st,colorado st
1361,5,1332,11,1,san diego st,oregon
1361,5,1270,12,0,san diego st,mcneese
1361,5,1359,13,0,san diego st,samford
1361,5,1103,14,1,san diego st,akron
1361,5,1389,15,1,san diego st,saint peter's
1361,5,1212,16,1,san diego st,grambling
1361,5,1222,1,0,san diego st,houston
1361,5,1266,2,0,san diego st,marquette
1361,5,1246,3,0,san diego st,kentucky
1361,5,1181,4,0,san diego st,duke
1361,5,1458,5,0,san diego st,wisconsin
1361,5,1403,6,0,san diego st,texas tech
1361,5,1196,7,0,san diego st,florida
1361,5,1304,8,1,san diego st,nebraska
1361,5,1401,9,1,san diego st,texas a&m
1361,5,1129,10,1,san diego st,boise st
1361,5,1301,11,1,san diego st,n.c. state
1361,5,1241,12,0,san diego st,james madison
1361,5,1436,13,1,san diego st,vermont
1361,5,1324,14,1,san diego st,oakland
1361,5,1443,15,1,san diego st,w kentucky
1361,5,1255,16,1,san diego st,longwood
1140,6,1450,7,1,brigham young,washington st
1140,6,1194,8,1,brigham young,fl atlantic
1140,6,1321,9,1,brigham young,northwestern
1140,6,1179,10,1,brigham young,drake
1140,6,1182,11,1,brigham young,duquesne
1140,6,1412,12,1,brigham young,alabama-birmingham
1140,6,1463,13,1,brigham young,yale
1140,6,1287,14,1,brigham young,morehead st
1140,6,1355,15,1,brigham young,s dakota st
1140,6,1391,16,1,brigham young,stetson
1140,6,1314,1,0,brigham young,north carolina
1140,6,1112,2,0,brigham young,arizona
1140,6,1124,3,1,brigham young,baylor
1140,6,1104,4,1,brigham young,alabama
1140,6,1388,5,0,brigham young,saint mary's
1140,6,1155,6,1,brigham young,clemson
1140,6,1173,7,1,brigham young,dayton
1140,6,1280,8,1,brigham young,mississippi st
1140,6,1277,9,1,brigham young,michigan st
1140,6,1305,10,1,brigham young,nevada
1140,6,1307,11,1,brigham young,new mexico
1140,6,1213,12,1,brigham young,grand canyon
1140,6,1158,13,1,brigham young,charleston
1140,6,1159,14,1,brigham young,colgate
1140,6,1253,15,1,brigham young,long beach st
1140,6,1447,16,1,brigham young,wagner
1140,6,1345,1,0,brigham young,purdue
1140,6,1397,2,0,brigham young,tennessee
1140,6,1166,3,1,brigham young,creighton
1140,6,1242,4,0,brigham young,kansas
1140,6,1211,5,1,brigham young,gonzaga
1140,6,1376,6,1,brigham young,south carolina
1140,6,1400,7,1,brigham young,texas
1140,6,1429,8,1,brigham young,utah st
1140,6,1395,9,1,brigham young,tcu
1140,6,1161,10,1,brigham young,colorado st
1140,6,1332,11,1,brigham young,oregon
1140,6,1270,12,1,brigham young,mcneese
1140,6,1359,13,1,brigham young,samford
1140,6,1103,14,1,brigham young,akron
1140,6,1389,15,1,brigham young,saint peter's
1140,6,1212,16,1,brigham young,grambling
1140,6,1222,1,0,brigham young,houston
1140,6,1266,2,1,brigham young,marquette
1140,6,1246,3,0,brigham young,kentucky
1140,6,1181,4,0,brigham young,duke
1140,6,1458,5,1,brigham young,wisconsin
1140,6,1403,6,1,brigham young,texas tech
1140,6,1196,7,0,brigham young,florida
1140,6,1304,8,1,brigham young,nebraska
1140,6,1401,9,1,brigham young,texas a&m
1140,6,1129,10,1,brigham young,boise st
1140,6,1301,11,1,brigham young,n.c. state
1140,6,1241,12,1,brigham young,james madison
1140,6,1436,13,1,brigham young,vermont
1140,6,1324,14,1,brigham young,oakland
1140,6,1443,15,1,brigham young,w kentucky
1140,6,1255,16,1,brigham young,longwood
1450,7,1194,8,1,washington st,fl atlantic
1450,7,1321,9,1,washington st,northwestern
1450,7,1179,10,1,washington st,drake
1450,7,1182,11,1,washington st,duquesne
1450,7,1412,12,1,washington st,alabama-birmingham
1450,7,1463,13,1,washington st,yale
1450,7,1287,14,1,washington st,morehead st
1450,7,1355,15,1,washington st,s dakota st
1450,7,1391,16,1,washington st,stetson
1450,7,1314,1,0,washington st,north carolina
1450,7,1112,2,0,washington st,arizona
1450,7,1124,3,0,washington st,baylor
1450,7,1104,4,0,washington st,alabama
1450,7,1388,5,0,washington st,saint mary's
1450,7,1155,6,0,washington st,clemson
1450,7,1173,7,0,washington st,dayton
1450,7,1280,8,1,washington st,mississippi st
1450,7,1277,9,0,washington st,michigan st
1450,7,1305,10,1,washington st,nevada
1450,7,1307,11,1,washington st,new mexico
1450,7,1213,12,1,washington st,grand canyon
1450,7,1158,13,1,washington st,charleston
1450,7,1159,14,1,washington st,colgate
1450,7,1253,15,1,washington st,long beach st
1450,7,1447,16,1,washington st,wagner
1450,7,1345,1,0,washington st,purdue
1450,7,1397,2,0,washington st,tennessee
1450,7,1166,3,0,washington st,creighton
1450,7,1242,4,0,washington st,kansas
1450,7,1211,5,0,washington st,gonzaga
1450,7,1376,6,0,washington st,south carolina
1450,7,1400,7,0,washington st,texas
1450,7,1429,8,1,washington st,utah st
1450,7,1395,9,1,washington st,tcu
1450,7,1161,10,1,washington st,colorado st
1450,7,1332,11,1,washington st,oregon
1450,7,1270,12,0,washington st,mcneese
1450,7,1359,13,1,washington st,samford
1450,7,1103,14,1,washington st,akron
1450,7,1389,15,1,washington st,saint peter's
1450,7,1212,16,1,washington st,grambling
1450,7,1222,1,0,washington st,houston
1450,7,1266,2,0,washington st,marquette
1450,7,1246,3,0,washington st,kentucky
1450,7,1181,4,0,washington st,duke
1450,7,1458,5,0,washington st,wisconsin
1450,7,1403,6,0,washington st,texas tech
1450,7,1196,7,0,washington st,florida
1450,7,1304,8,0,washington st,nebraska
1450,7,1401,9,0,washington st,texas a&m
1450,7,1129,10,1,washington st,boise st
1450,7,1301,11,1,washington st,n.c. state
1450,7,1241,12,1,washington st,james madison
1450,7,1436,13,1,washington st,vermont
1450,7,1324,14,1,washington st,oakland
1450,7,1443,15,1,washington st,w kentucky
1450,7,1255,16,1,washington st,longwood
1194,8,1321,9,1,fl atlantic,northwestern
1194,8,1179,10,1,fl atlantic,drake
1194,8,1182,11,1,fl atlantic,duquesne
1194,8,1412,12,1,fl atlantic,alabama-birmingham
1194,8,1463,13,1,fl atlantic,yale
1194,8,1287,14,1,fl atlantic,morehead st
1194,8,1355,15,1,fl atlantic,s dakota st
1194,8,1391,16,1,fl atlantic,stetson
1194,8,1314,1,0,fl atlantic,north carolina
1194,8,1112,2,0,fl atlantic,arizona
1194,8,1124,3,0,fl atlantic,baylor
1194,8,1104,4,1,fl atlantic,alabama
1194,8,1388,5,0,fl atlantic,saint mary's
1194,8,1155,6,0,fl atlantic,clemson
1194,8,1173,7,1,fl atlantic,dayton
1194,8,1280,8,0,fl atlantic,mississippi st
1194,8,1277,9,1,fl atlantic,michigan st
1194,8,1305,10,1,fl atlantic,nevada
1194,8,1307,11,1,fl atlantic,new mexico
1194,8,1213,12,1,fl atlantic,grand canyon
1194,8,1158,13,1,fl atlantic,charleston
1194,8,1159,14,1,fl atlantic,colgate
1194,8,1253,15,1,fl atlantic,long beach st
1194,8,1447,16,1,fl atlantic,wagner
1194,8,1345,1,0,fl atlantic,purdue
1194,8,1397,2,0,fl atlantic,tennessee
1194,8,1166,3,0,fl atlantic,creighton
1194,8,1242,4,0,fl atlantic,kansas
1194,8,1211,5,0,fl atlantic,gonzaga
1194,8,1376,6,1,fl atlantic,south carolina
1194,8,1400,7,0,fl atlantic,texas
1194,8,1429,8,0,fl atlantic,utah st
1194,8,1395,9,0,fl atlantic,tcu
1194,8,1161,10,0,fl atlantic,colorado st
1194,8,1332,11,1,fl atlantic,oregon
1194,8,1270,12,0,fl atlantic,mcneese
1194,8,1359,13,1,fl atlantic,samford
1194,8,1103,14,1,fl atlantic,akron
1194,8,1389,15,1,fl atlantic,saint peter's
1194,8,1212,16,1,fl atlantic,grambling
1194,8,1222,1,0,fl atlantic,houston
1194,8,1266,2,0,fl atlantic,marquette
1194,8,1246,3,0,fl atlantic,kentucky
1194,8,1181,4,0,fl atlantic,duke
1194,8,1458,5,1,fl atlantic,wisconsin
1194,8,1403,6,1,fl atlantic,texas tech
1194,8,1196,7,0,fl atlantic,florida
1194,8,1304,8,1,fl atlantic,nebraska
1194,8,1401,9,1,fl atlantic,texas a&m
1194,8,1129,10,1,fl atlantic,boise st
1194,8,1301,11,1,fl atlantic,n.c. state
1194,8,1241,12,1,fl atlantic,james madison
1194,8,1436,13,1,fl atlantic,vermont
1194,8,1324,14,1,fl atlantic,oakland
1194,8,1443,15,1,fl atlantic,w kentucky
1194,8,1255,16,1,fl atlantic,longwood
1321,9,1179,10,0,northwestern,drake
1321,9,1182,11,0,northwestern,duquesne
1321,9,1412,12,1,northwestern,alabama-birmingham
1321,9,1463,13,1,northwestern,yale
1321,9,1287,14,0,northwestern,morehead st
1321,9,1355,15,1,northwestern,s dakota st
1321,9,1391,16,1,northwestern,stetson
1321,9,1314,1,0,northwestern,north carolina
1321,9,1112,2,0,northwestern,arizona
1321,9,1124,3,0,northwestern,baylor
1321,9,1104,4,0,northwestern,alabama
1321,9,1388,5,0,northwestern,saint mary's
1321,9,1155,6,0,northwestern,clemson
1321,9,1173,7,0,northwestern,dayton
1321,9,1280,8,0,northwestern,mississippi st
1321,9,1277,9,0,northwestern,michigan st
1321,9,1305,10,1,northwestern,nevada
1321,9,1307,11,0,northwestern,new mexico
1321,9,1213,12,0,northwestern,grand canyon
1321,9,1158,13,0,northwestern,charleston
1321,9,1159,14,1,northwestern,colgate
1321,9,1253,15,1,northwestern,long beach st
1321,9,1447,16,1,northwestern,wagner
1321,9,1345,1,0,northwestern,purdue
1321,9,1397,2,0,northwestern,tennessee
1321,9,1166,3,0,northwestern,creighton
1321,9,1242,4,0,northwestern,kansas
1321,9,1211,5,0,northwestern,gonzaga
1321,9,1376,6,0,northwestern,south carolina
1321,9,1400,7,0,northwestern,texas
1321,9,1429,8,0,northwestern,utah st
1321,9,1395,9,0,northwestern,tcu
1321,9,1161,10,0,northwestern,colorado st
1321,9,1332,11,1,northwestern,oregon
1321,9,1270,12,0,northwestern,mcneese
1321,9,1359,13,0,northwestern,samford
1321,9,1103,14,1,northwestern,akron
1321,9,1389,15,1,northwestern,saint peter's
1321,9,1212,16,1,northwestern,grambling
1321,9,1222,1,0,northwestern,houston
1321,9,1266,2,0,northwestern,marquette
1321,9,1246,3,0,northwestern,kentucky
1321,9,1181,4,0,northwestern,duke
1321,9,1458,5,0,northwestern,wisconsin
1321,9,1403,6,0,northwestern,texas tech
1321,9,1196,7,0,northwestern,florida
1321,9,1304,8,0,northwestern,nebraska
1321,9,1401,9,1,northwestern,texas a&m
1321,9,1129,10,0,northwestern,boise st
1321,9,1301,11,1,northwestern,n.c. state
1321,9,1241,12,0,northwestern,james madison
1321,9,1436,13,0,northwestern,vermont
1321,9,1324,14,1,northwestern,oakland
1321,9,1443,15,1,northwestern,w kentucky
1321,9,1255,16,1,northwestern,longwood
1179,10,1182,11,0,drake,duquesne
1179,10,1412,12,1,drake,alabama-birmingham
1179,10,1463,13,1,drake,yale
1179,10,1287,14,1,drake,morehead st
1179,10,1355,15,1,drake,s dakota st
1179,10,1391,16,1,drake,stetson
1179,10,1314,1,0,drake,north carolina
1179,10,1112,2,0,drake,arizona
1179,10,1124,3,0,drake,baylor
1179,10,1104,4,0,drake,alabama
1179,10,1388,5,0,drake,saint mary's
1179,10,1155,6,0,drake,clemson
1179,10,1173,7,0,drake,dayton
1179,10,1280,8,0,drake,mississippi st
1179,10,1277,9,0,drake,michigan st
1179,10,1305,10,0,drake,nevada
1179,10,1307,11,0,drake,new mexico
1179,10,1213,12,1,drake,grand canyon
1179,10,1158,13,1,drake,charleston
1179,10,1159,14,1,drake,colgate
1179,10,1253,15,1,drake,long beach st
1179,10,1447,16,1,drake,wagner
1179,10,1345,1,0,drake,purdue
1179,10,1397,2,0,drake,tennessee
1179,10,1166,3,0,drake,creighton
1179,10,1242,4,0,drake,kansas
1179,10,1211,5,0,drake,gonzaga
1179,10,1376,6,0,drake,south carolina
1179,10,1400,7,0,drake,texas
1179,10,1429,8,0,drake,utah st
1179,10,1395,9,0,drake,tcu
1179,10,1161,10,0,drake,colorado st
1179,10,1332,11,0,drake,oregon
1179,10,1270,12,0,drake,mcneese
1179,10,1359,13,0,drake,samford
1179,10,1103,14,0,drake,akron
1179,10,1389,15,1,drake,saint peter's
1179,10,1212,16,1,drake,grambling
1179,10,1222,1,0,drake,houston
1179,10,1266,2,0,drake,marquette
1179,10,1246,3,0,drake,kentucky
1179,10,1181,4,0,drake,duke
1179,10,1458,5,0,drake,wisconsin
1179,10,1403,6,0,drake,texas tech
1179,10,1196,7,0,drake,florida
1179,10,1304,8,0,drake,nebraska
1179,10,1401,9,0,drake,texas a&m
1179,10,1129,10,0,drake,boise st
1179,10,1301,11,0,drake,n.c. state
1179,10,1241,12,0,drake,james madison
1179,10,1436,13,1,drake,vermont
1179,10,1324,14,1,drake,oakland
1179,10,1443,15,1,drake,w kentucky
1179,10,1255,16,1,drake,longwood
1182,11,1412,12,0,duquesne,alabama-birmingham
1182,11,1463,13,0,duquesne,yale
1182,11,1287,14,1,duquesne,morehead st
1182,11,1355,15,1,duquesne,s dakota st
1182,11,1391,16,1,duquesne,stetson
1182,11,1314,1,0,duquesne,north carolina
1182,11,1112,2,0,duquesne,arizona
1182,11,1124,3,0,duquesne,baylor
1182,11,1104,4,0,duquesne,alabama
1182,11,1388,5,0,duquesne,saint mary's
1182,11,1155,6,0,duquesne,clemson
1182,11,1173,7,0,duquesne,dayton
1182,11,1280,8,0,duquesne,mississippi st
1182,11,1277,9,0,duquesne,michigan st
1182,11,1305,10,0,duquesne,nevada
1182,11,1307,11,0,duquesne,new mexico
1182,11,1213,12,0,duquesne,grand canyon
1182,11,1158,13,0,duquesne,charleston
1182,11,1159,14,0,duquesne,colgate
1182,11,1253,15,1,duquesne,long beach st
1182,11,1447,16,1,duquesne,wagner
1182,11,1345,1,0,duquesne,purdue
1182,11,1397,2,0,duquesne,tennessee
1182,11,1166,3,0,duquesne,creighton
1182,11,1242,4,0,duquesne,kansas
1182,11,1211,5,0,duquesne,gonzaga
1182,11,1376,6,0,duquesne,south carolina
1182,11,1400,7,0,duquesne,texas
1182,11,1429,8,0,duquesne,utah st
1182,11,1395,9,0,duquesne,tcu
1182,11,1161,10,0,duquesne,colorado st
1182,11,1332,11,0,duquesne,oregon
1182,11,1270,12,0,duquesne,mcneese
1182,11,1359,13,0,duquesne,samford
1182,11,1103,14,1,duquesne,akron
1182,11,1389,15,1,duquesne,saint peter's
1182,11,1212,16,1,duquesne,grambling
1182,11,1222,1,0,duquesne,houston
1182,11,1266,2,0,duquesne,marquette
1182,11,1246,3,0,duquesne,kentucky
1182,11,1181,4,0,duquesne,duke
1182,11,1458,5,0,duquesne,wisconsin
1182,11,1403,6,0,duquesne,texas tech
1182,11,1196,7,0,duquesne,florida
1182,11,1304,8,0,duquesne,nebraska
1182,11,1401,9,0,duquesne,texas a&m
1182,11,1129,10,0,duquesne,boise st
1182,11,1301,11,0,duquesne,n.c. state
1182,11,1241,12,0,duquesne,james madison
1182,11,1436,13,0,duquesne,vermont
1182,11,1324,14,0,duquesne,oakland
1182,11,1443,15,1,duquesne,w kentucky
1182,11,1255,16,1,duquesne,longwood
1412,12,1463,13,0,alabama-birmingham,yale
1412,12,1287,14,0,alabama-birmingham,morehead st
1412,12,1355,15,1,alabama-birmingham,s dakota st
1412,12,1391,16,1,alabama-birmingham,stetson
1412,12,1314,1,0,alabama-birmingham,north carolina
1412,12,1112,2,0,alabama-birmingham,arizona
1412,12,1124,3,0,alabama-birmingham,baylor
1412,12,1104,4,0,alabama-birmingham,alabama
1412,12,1388,5,0,alabama-birmingham,saint mary's
1412,12,1155,6,0,alabama-birmingham,clemson
1412,12,1173,7,0,alabama-birmingham,dayton
1412,12,1280,8,0,alabama-birmingham,mississippi st
1412,12,1277,9,0,alabama-birmingham,michigan st
1412,12,1305,10,0,alabama-birmingham,nevada
1412,12,1307,11,0,alabama-birmingham,new mexico
1412,12,1213,12,0,alabama-birmingham,grand canyon
1412,12,1158,13,0,alabama-birmingham,charleston
1412,12,1159,14,1,alabama-birmingham,colgate
1412,12,1253,15,0,alabama-birmingham,long beach st
1412,12,1447,16,1,alabama-birmingham,wagner
1412,12,1345,1,0,alabama-birmingham,purdue
1412,12,1397,2,0,alabama-birmingham,tennessee
1412,12,1166,3,0,alabama-birmingham,creighton
1412,12,1242,4,0,alabama-birmingham,kansas
1412,12,1211,5,0,alabama-birmingham,gonzaga
1412,12,1376,6,0,alabama-birmingham,south carolina
1412,12,1400,7,0,alabama-birmingham,texas
1412,12,1429,8,0,alabama-birmingham,utah st
1412,12,1395,9,0,alabama-birmingham,tcu
1412,12,1161,10,0,alabama-birmingham,colorado st
1412,12,1332,11,1,alabama-birmingham,oregon
1412,12,1270,12,0,alabama-birmingham,mcneese
1412,12,1359,13,0,alabama-birmingham,samford
1412,12,1103,14,0,alabama-birmingham,akron
1412,12,1389,15,1,alabama-birmingham,saint peter's
1412,12,1212,16,1,alabama-birmingham,grambling
1412,12,1222,1,0,alabama-birmingham,houston
1412,12,1266,2,0,alabama-birmingham,marquette
1412,12,1246,3,0,alabama-birmingham,kentucky
1412,12,1181,4,0,alabama-birmingham,duke
1412,12,1458,5,0,alabama-birmingham,wisconsin
1412,12,1403,6,0,alabama-birmingham,texas tech
1412,12,1196,7,0,alabama-birmingham,florida
1412,12,1304,8,0,alabama-birmingham,nebraska
1412,12,1401,9,0,alabama-birmingham,texas a&m
1412,12,1129,10,0,alabama-birmingham,boise st
1412,12,1301,11,0,alabama-birmingham,n.c. state
1412,12,1241,12,0,alabama-birmingham,james madison
1412,12,1436,13,0,alabama-birmingham,vermont
1412,12,1324,14,1,alabama-birmingham,oakland
1412,12,1443,15,0,alabama-birmingham,w kentucky
1412,12,1255,16,1,alabama-birmingham,longwood
1463,13,1287,14,1,yale,morehead st
1463,13,1355,15,0,yale,s dakota st
1463,13,1391,16,1,yale,stetson
1463,13,1314,1,0,yale,north carolina
1463,13,1112,2,0,yale,arizona
1463,13,1124,3,0,yale,baylor
1463,13,1104,4,0,yale,alabama
1463,13,1388,5,0,yale,saint mary's
1463,13,1155,6,0,yale,clemson
1463,13,1173,7,0,yale,dayton
1463,13,1280,8,0,yale,mississippi st
1463,13,1277,9,0,yale,michigan st
1463,13,1305,10,0,yale,nevada
1463,13,1307,11,0,yale,new mexico
1463,13,1213,12,0,yale,grand canyon
1463,13,1158,13,1,yale,charleston
1463,13,1159,14,0,yale,colgate
1463,13,1253,15,1,yale,long beach st
1463,13,1447,16,1,yale,wagner
1463,13,1345,1,0,yale,purdue
1463,13,1397,2,0,yale,tennessee
1463,13,1166,3,0,yale,creighton
1463,13,1242,4,0,yale,kansas
1463,13,1211,5,0,yale,gonzaga
1463,13,1376,6,0,yale,south carolina
1463,13,1400,7,0,yale,texas
1463,13,1429,8,0,yale,utah st
1463,13,1395,9,0,yale,tcu
1463,13,1161,10,0,yale,colorado st
1463,13,1332,11,0,yale,oregon
1463,13,1270,12,0,yale,mcneese
1463,13,1359,13,0,yale,samford
1463,13,1103,14,1,yale,akron
1463,13,1389,15,1,yale,saint peter's
1463,13,1212,16,1,yale,grambling
1463,13,1222,1,0,yale,houston
1463,13,1266,2,0,yale,marquette
1463,13,1246,3,0,yale,kentucky
1463,13,1181,4,0,yale,duke
1463,13,1458,5,0,yale,wisconsin
1463,13,1403,6,0,yale,texas tech
1463,13,1196,7,0,yale,florida
1463,13,1304,8,0,yale,nebraska
1463,13,1401,9,1,yale,texas a&m
1463,13,1129,10,0,yale,boise st
1463,13,1301,11,0,yale,n.c. state
1463,13,1241,12,0,yale,james madison
1463,13,1436,13,0,yale,vermont
1463,13,1324,14,1,yale,oakland
1463,13,1443,15,1,yale,w kentucky
1463,13,1255,16,1,yale,longwood
1287,14,1355,15,1,morehead st,s dakota st
1287,14,1391,16,1,morehead st,stetson
1287,14,1314,1,0,morehead st,north carolina
1287,14,1112,2,0,morehead st,arizona
1287,14,1124,3,0,morehead st,baylor
1287,14,1104,4,0,morehead st,alabama
1287,14,1388,5,0,morehead st,saint mary's
1287,14,1155,6,0,morehead st,clemson
1287,14,1173,7,0,morehead st,dayton
1287,14,1280,8,0,morehead st,mississippi st
1287,14,1277,9,0,morehead st,michigan st
1287,14,1305,10,0,morehead st,nevada
1287,14,1307,11,0,morehead st,new mexico
1287,14,1213,12,0,morehead st,grand canyon
1287,14,1158,13,1,morehead st,charleston
1287,14,1159,14,0,morehead st,colgate
1287,14,1253,15,1,morehead st,long beach st
1287,14,1447,16,1,morehead st,wagner
1287,14,1345,1,0,morehead st,purdue
1287,14,1397,2,0,morehead st,tennessee
1287,14,1166,3,0,morehead st,creighton
1287,14,1242,4,0,morehead st,kansas
1287,14,1211,5,0,morehead st,gonzaga
1287,14,1376,6,0,morehead st,south carolina
1287,14,1400,7,0,morehead st,texas
1287,14,1429,8,0,morehead st,utah st
1287,14,1395,9,0,morehead st,tcu
1287,14,1161,10,0,morehead st,colorado st
1287,14,1332,11,0,morehead st,oregon
1287,14,1270,12,0,morehead st,mcneese
1287,14,1359,13,1,morehead st,samford
1287,14,1103,14,1,morehead st,akron
1287,14,1389,15,1,morehead st,saint peter's
1287,14,1212,16,1,morehead st,grambling
1287,14,1222,1,0,morehead st,houston
1287,14,1266,2,0,morehead st,marquette
1287,14,1246,3,0,morehead st,kentucky
1287,14,1181,4,0,morehead st,duke
1287,14,1458,5,0,morehead st,wisconsin
1287,14,1403,6,0,morehead st,texas tech
1287,14,1196,7,0,morehead st,florida
1287,14,1304,8,0,morehead st,nebraska
1287,14,1401,9,0,morehead st,texas a&m
1287,14,1129,10,1,morehead st,boise st
1287,14,1301,11,0,morehead st,n.c. state
1287,14,1241,12,0,morehead st,james madison
1287,14,1436,13,0,morehead st,vermont
1287,14,1324,14,1,morehead st,oakland
1287,14,1443,15,1,morehead st,w kentucky
1287,14,1255,16,1,morehead st,longwood
1355,15,1391,16,1,s dakota st,stetson
1355,15,1314,1,0,s dakota st,north carolina
1355,15,1112,2,0,s dakota st,arizona
1355,15,1124,3,0,s dakota st,baylor
1355,15,1104,4,0,s dakota st,alabama
1355,15,1388,5,0,s dakota st,saint mary's
1355,15,1155,6,0,s dakota st,clemson
1355,15,1173,7,0,s dakota st,dayton
1355,15,1280,8,0,s dakota st,mississippi st
1355,15,1277,9,0,s dakota st,michigan st
1355,15,1305,10,0,s dakota st,nevada
1355,15,1307,11,0,s dakota st,new mexico
1355,15,1213,12,0,s dakota st,grand canyon
1355,15,1158,13,1,s dakota st,charleston
1355,15,1159,14,0,s dakota st,colgate
1355,15,1253,15,1,s dakota st,long beach st
1355,15,1447,16,1,s dakota st,wagner
1355,15,1345,1,0,s dakota st,purdue
1355,15,1397,2,0,s dakota st,tennessee
1355,15,1166,3,0,s dakota st,creighton
1355,15,1242,4,0,s dakota st,kansas
1355,15,1211,5,0,s dakota st,gonzaga
1355,15,1376,6,0,s dakota st,south carolina
1355,15,1400,7,0,s dakota st,texas
1355,15,1429,8,0,s dakota st,utah st
1355,15,1395,9,0,s dakota st,tcu
1355,15,1161,10,0,s dakota st,colorado st
1355,15,1332,11,0,s dakota st,oregon
1355,15,1270,12,0,s dakota st,mcneese
1355,15,1359,13,0,s dakota st,samford
1355,15,1103,14,0,s dakota st,akron
1355,15,1389,15,1,s dakota st,saint peter's
1355,15,1212,16,1,s dakota st,grambling
1355,15,1222,1,0,s dakota st,houston
1355,15,1266,2,0,s dakota st,marquette
1355,15,1246,3,0,s dakota st,kentucky
1355,15,1181,4,0,s dakota st,duke
1355,15,1458,5,0,s dakota st,wisconsin
1355,15,1403,6,0,s dakota st,texas tech
1355,15,1196,7,0,s dakota st,florida
1355,15,1304,8,0,s dakota st,nebraska
1355,15,1401,9,0,s dakota st,texas a&m
1355,15,1129,10,0,s dakota st,boise st
1355,15,1301,11,0,s dakota st,n.c. state
1355,15,1241,12,0,s dakota st,james madison
1355,15,1436,13,0,s dakota st,vermont
1355,15,1324,14,0,s dakota st,oakland
1355,15,1443,15,1,s dakota st,w kentucky
1355,15,1255,16,1,s dakota st,longwood
1391,16,1314,1,0,stetson,north carolina
1391,16,1112,2,0,stetson,arizona
1391,16,1124,3,0,stetson,baylor
1391,16,1104,4,0,stetson,alabama
1391,16,1388,5,0,stetson,saint mary's
1391,16,1155,6,0,stetson,clemson
1391,16,1173,7,0,stetson,dayton
1391,16,1280,8,0,stetson,mississippi st
1391,16,1277,9,0,stetson,michigan st
1391,16,1305,10,0,stetson,nevada
1391,16,1307,11,0,stetson,new mexico
1391,16,1213,12,0,stetson,grand canyon
1391,16,1158,13,0,stetson,charleston
1391,16,1159,14,0,stetson,colgate
1391,16,1253,15,0,stetson,long beach st
1391,16,1447,16,1,stetson,wagner
1391,16,1345,1,0,stetson,purdue
1391,16,1397,2,0,stetson,tennessee
1391,16,1166,3,0,stetson,creighton
1391,16,1242,4,0,stetson,kansas
1391,16,1211,5,0,stetson,gonzaga
1391,16,1376,6,0,stetson,south carolina
1391,16,1400,7,0,stetson,texas
1391,16,1429,8,0,stetson,utah st
1391,16,1395,9,0,stetson,tcu
1391,16,1161,10,0,stetson,colorado st
1391,16,1332,11,0,stetson,oregon
1391,16,1270,12,0,stetson,mcneese
1391,16,1359,13,0,stetson,samford
1391,16,1103,14,0,stetson,akron
1391,16,1389,15,1,stetson,saint peter's
1391,16,1212,16,1,stetson,grambling
1391,16,1222,1,0,stetson,houston
1391,16,1266,2,0,stetson,marquette
1391,16,1246,3,0,stetson,kentucky
1391,16,1181,4,0,stetson,duke
1391,16,1458,5,0,stetson,wisconsin
1391,16,1403,6,0,stetson,texas tech
1391,16,1196,7,0,stetson,florida
1391,16,1304,8,0,stetson,nebraska
1391,16,1401,9,0,stetson,texas a&m
1391,16,1129,10,0,stetson,boise st
1391,16,1301,11,0,stetson,n.c. state
1391,16,1241,12,0,stetson,james madison
1391,16,1436,13,0,stetson,vermont
1391,16,1324,14,0,stetson,oakland
1391,16,1443,15,0,stetson,w kentucky
1391,16,1255,16,1,stetson,longwood
1314,1,1112,2,0,north carolina,arizona
1314,1,1124,3,0,north carolina,baylor
1314,1,1104,4,1,north carolina,alabama
1314,1,1388,5,0,north carolina,saint mary's
1314,1,1155,6,1,north carolina,clemson
1314,1,1173,7,1,north carolina,dayton
1314,1,1280,8,1,north carolina,mississippi st
1314,1,1277,9,1,north carolina,michigan st
1314,1,1305,10,1,north carolina,nevada
1314,1,1307,11,1,north carolina,new mexico
1314,1,1213,12,1,north carolina,grand canyon
1314,1,1158,13,1,north carolina,charleston
1314,1,1159,14,1,north carolina,colgate
1314,1,1253,15,1,north carolina,long beach st
1314,1,1447,16,1,north carolina,wagner
1314,1,1345,1,0,north carolina,purdue
1314,1,1397,2,0,north carolina,tennessee
1314,1,1166,3,0,north carolina,creighton
1314,1,1242,4,1,north carolina,kansas
1314,1,1211,5,1,north carolina,gonzaga
1314,1,1376,6,1,north carolina,south carolina
1314,1,1400,7,0,north carolina,texas
1314,1,1429,8,1,north carolina,utah st
1314,1,1395,9,0,north carolina,tcu
1314,1,1161,10,1,north carolina,colorado st
1314,1,1332,11,1,north carolina,oregon
1314,1,1270,12,1,north carolina,mcneese
1314,1,1359,13,1,north carolina,samford
1314,1,1103,14,1,north carolina,akron
1314,1,1389,15,1,north carolina,saint peter's
1314,1,1212,16,1,north carolina,grambling
1314,1,1222,1,0,north carolina,houston
1314,1,1266,2,0,north carolina,marquette
1314,1,1246,3,1,north carolina,kentucky
1314,1,1181,4,1,north carolina,duke
1314,1,1458,5,1,north carolina,wisconsin
1314,1,1403,6,1,north carolina,texas tech
1314,1,1196,7,0,north carolina,florida
1314,1,1304,8,1,north carolina,nebraska
1314,1,1401,9,1,north carolina,texas a&m
1314,1,1129,10,1,north carolina,boise st
1314,1,1301,11,1,north carolina,n.c. state
1314,1,1241,12,1,north carolina,james madison
1314,1,1436,13,1,north carolina,vermont
1314,1,1324,14,1,north carolina,oakland
1314,1,1443,15,1,north carolina,w kentucky
1314,1,1255,16,1,north carolina,longwood
1112,2,1124,3,1,arizona,baylor
1112,2,1104,4,1,arizona,alabama
1112,2,1388,5,1,arizona,saint mary's
1112,2,1155,6,1,arizona,clemson
1112,2,1173,7,1,arizona,dayton
1112,2,1280,8,1,arizona,mississippi st
1112,2,1277,9,1,arizona,michigan st
1112,2,1305,10,1,arizona,nevada
1112,2,1307,11,1,arizona,new mexico
1112,2,1213,12,1,arizona,grand canyon
1112,2,1158,13,1,arizona,charleston
1112,2,1159,14,1,arizona,colgate
1112,2,1253,15,1,arizona,long beach st
1112,2,1447,16,1,arizona,wagner
1112,2,1345,1,0,arizona,purdue
1112,2,1397,2,0,arizona,tennessee
1112,2,1166,3,0,arizona,creighton
1112,2,1242,4,1,arizona,kansas
1112,2,1211,5,1,arizona,gonzaga
1112,2,1376,6,1,arizona,south carolina
1112,2,1400,7,1,arizona,texas
1112,2,1429,8,1,arizona,utah st
1112,2,1395,9,1,arizona,tcu
1112,2,1161,10,1,arizona,colorado st
1112,2,1332,11,1,arizona,oregon
1112,2,1270,12,1,arizona,mcneese
1112,2,1359,13,1,arizona,samford
1112,2,1103,14,1,arizona,akron
1112,2,1389,15,1,arizona,saint peter's
1112,2,1212,16,1,arizona,grambling
1112,2,1222,1,0,arizona,houston
1112,2,1266,2,1,arizona,marquette
1112,2,1246,3,1,arizona,kentucky
1112,2,1181,4,1,arizona,duke
1112,2,1458,5,1,arizona,wisconsin
1112,2,1403,6,1,arizona,texas tech
1112,2,1196,7,1,arizona,florida
1112,2,1304,8,1,arizona,nebraska
1112,2,1401,9,1,arizona,texas a&m
1112,2,1129,10,1,arizona,boise st
1112,2,1301,11,1,arizona,n.c. state
1112,2,1241,12,1,arizona,james madison
1112,2,1436,13,1,arizona,vermont
1112,2,1324,14,1,arizona,oakland
1112,2,1443,15,1,arizona,w kentucky
1112,2,1255,16,1,arizona,longwood
1124,3,1104,4,0,baylor,alabama
1124,3,1388,5,1,baylor,saint mary's
1124,3,1155,6,1,baylor,clemson
1124,3,1173,7,1,baylor,dayton
1124,3,1280,8,0,baylor,mississippi st
1124,3,1277,9,1,baylor,michigan st
1124,3,1305,10,1,baylor,nevada
1124,3,1307,11,1,baylor,new mexico
1124,3,1213,12,1,baylor,grand canyon
1124,3,1158,13,1,baylor,charleston
1124,3,1159,14,1,baylor,colgate
1124,3,1253,15,1,baylor,long beach st
1124,3,1447,16,1,baylor,wagner
1124,3,1345,1,0,baylor,purdue
1124,3,1397,2,0,baylor,tennessee
1124,3,1166,3,0,baylor,creighton
1124,3,1242,4,0,baylor,kansas
1124,3,1211,5,0,baylor,gonzaga
1124,3,1376,6,1,baylor,south carolina
1124,3,1400,7,1,baylor,texas
1124,3,1429,8,1,baylor,utah st
1124,3,1395,9,1,baylor,tcu
1124,3,1161,10,1,baylor,colorado st
1124,3,1332,11,1,baylor,oregon
1124,3,1270,12,1,baylor,mcneese
1124,3,1359,13,1,baylor,samford
1124,3,1103,14,1,baylor,akron
1124,3,1389,15,1,baylor,saint peter's
1124,3,1212,16,1,baylor,grambling
1124,3,1222,1,0,baylor,houston
1124,3,1266,2,0,baylor,marquette
1124,3,1246,3,0,baylor,kentucky
1124,3,1181,4,0,baylor,duke
1124,3,1458,5,1,baylor,wisconsin
1124,3,1403,6,0,baylor,texas tech
1124,3,1196,7,1,baylor,florida
1124,3,1304,8,1,baylor,nebraska
1124,3,1401,9,1,baylor,texas a&m
1124,3,1129,10,1,baylor,boise st
1124,3,1301,11,1,baylor,n.c. state
1124,3,1241,12,1,baylor,james madison
1124,3,1436,13,1,baylor,vermont
1124,3,1324,14,1,baylor,oakland
1124,3,1443,15,1,baylor,w kentucky
1124,3,1255,16,1,baylor,longwood
1104,4,1388,5,1,alabama,saint mary's
1104,4,1155,6,1,alabama,clemson
1104,4,1173,7,1,alabama,dayton
1104,4,1280,8,1,alabama,mississippi st
1104,4,1277,9,0,alabama,michigan st
1104,4,1305,10,1,alabama,nevada
1104,4,1307,11,0,alabama,new mexico
1104,4,1213,12,1,alabama,grand canyon
1104,4,1158,13,1,alabama,charleston
1104,4,1159,14,1,alabama,colgate
1104,4,1253,15,1,alabama,long beach st
1104,4,1447,16,1,alabama,wagner
1104,4,1345,1,0,alabama,purdue
1104,4,1397,2,1,alabama,tennessee
1104,4,1166,3,0,alabama,creighton
1104,4,1242,4,0,alabama,kansas
1104,4,1211,5,0,alabama,gonzaga
1104,4,1376,6,1,alabama,south carolina
1104,4,1400,7,1,alabama,texas
1104,4,1429,8,1,alabama,utah st
1104,4,1395,9,0,alabama,tcu
1104,4,1161,10,1,alabama,colorado st
1104,4,1332,11,1,alabama,oregon
1104,4,1270,12,1,alabama,mcneese
1104,4,1359,13,1,alabama,samford
1104,4,1103,14,1,alabama,akron
1104,4,1389,15,1,alabama,saint peter's
1104,4,1212,16,1,alabama,grambling
1104,4,1222,1,0,alabama,houston
1104,4,1266,2,1,alabama,marquette
1104,4,1246,3,0,alabama,kentucky
1104,4,1181,4,0,alabama,duke
1104,4,1458,5,1,alabama,wisconsin
1104,4,1403,6,1,alabama,texas tech
1104,4,1196,7,1,alabama,florida
1104,4,1304,8,1,alabama,nebraska
1104,4,1401,9,1,alabama,texas a&m
1104,4,1129,10,1,alabama,boise st
1104,4,1301,11,1,alabama,n.c. state
1104,4,1241,12,1,alabama,james madison
1104,4,1436,13,1,alabama,vermont
1104,4,1324,14,1,alabama,oakland
1104,4,1443,15,1,alabama,w kentucky
1104,4,1255,16,1,alabama,longwood
1388,5,1155,6,1,saint mary's,clemson
1388,5,1173,7,0,saint mary's,dayton
1388,5,1280,8,1,saint mary's,mississippi st
1388,5,1277,9,1,saint mary's,michigan st
1388,5,1305,10,1,saint mary's,nevada
1388,5,1307,11,1,saint mary's,new mexico
1388,5,1213,12,1,saint mary's,grand canyon
1388,5,1158,13,1,saint mary's,charleston
1388,5,1159,14,1,saint mary's,colgate
1388,5,1253,15,1,saint mary's,long beach st
1388,5,1447,16,1,saint mary's,wagner
1388,5,1345,1,0,saint mary's,purdue
1388,5,1397,2,0,saint mary's,tennessee
1388,5,1166,3,0,saint mary's,creighton
1388,5,1242,4,1,saint mary's,kansas
1388,5,1211,5,0,saint mary's,gonzaga
1388,5,1376,6,1,saint mary's,south carolina
1388,5,1400,7,1,saint mary's,texas
1388,5,1429,8,1,saint mary's,utah st
1388,5,1395,9,1,saint mary's,tcu
1388,5,1161,10,1,saint mary's,colorado st
1388,5,1332,11,1,saint mary's,oregon
1388,5,1270,12,1,saint mary's,mcneese
1388,5,1359,13,1,saint mary's,samford
1388,5,1103,14,1,saint mary's,akron
1388,5,1389,15,1,saint mary's,saint peter's
1388,5,1212,16,1,saint mary's,grambling
1388,5,1222,1,0,saint mary's,houston
1388,5,1266,2,0,saint mary's,marquette
1388,5,1246,3,1,saint mary's,kentucky
1388,5,1181,4,0,saint mary's,duke
1388,5,1458,5,1,saint mary's,wisconsin
1388,5,1403,6,1,saint mary's,texas tech
1388,5,1196,7,1,saint mary's,florida
1388,5,1304,8,1,saint mary's,nebraska
1388,5,1401,9,1,saint mary's,texas a&m
1388,5,1129,10,1,saint mary's,boise st
1388,5,1301,11,1,saint mary's,n.c. state
1388,5,1241,12,1,saint mary's,james madison
1388,5,1436,13,1,saint mary's,vermont
1388,5,1324,14,1,saint mary's,oakland
1388,5,1443,15,1,saint mary's,w kentucky
1388,5,1255,16,1,saint mary's,longwood
1155,6,1173,7,0,clemson,dayton
1155,6,1280,8,1,clemson,mississippi st
1155,6,1277,9,0,clemson,michigan st
1155,6,1305,10,1,clemson,nevada
1155,6,1307,11,1,clemson,new mexico
1155,6,1213,12,1,clemson,grand canyon
1155,6,1158,13,1,clemson,charleston
1155,6,1159,14,1,clemson,colgate
1155,6,1253,15,1,clemson,long beach st
1155,6,1447,16,1,clemson,wagner
1155,6,1345,1,0,clemson,purdue
1155,6,1397,2,0,clemson,tennessee
1155,6,1166,3,0,clemson,creighton
1155,6,1242,4,0,clemson,kansas
1155,6,1211,5,0,clemson,gonzaga
1155,6,1376,6,1,clemson,south carolina
1155,6,1400,7,0,clemson,texas
1155,6,1429,8,1,clemson,utah st
1155,6,1395,9,0,clemson,tcu
1155,6,1161,10,1,clemson,colorado st
1155,6,1332,11,1,clemson,oregon
1155,6,1270,12,0,clemson,mcneese
1155,6,1359,13,1,clemson,samford
1155,6,1103,14,1,clemson,akron
1155,6,1389,15,1,clemson,saint peter's
1155,6,1212,16,1,clemson,grambling
1155,6,1222,1,0,clemson,houston
1155,6,1266,2,0,clemson,marquette
1155,6,1246,3,0,clemson,kentucky
1155,6,1181,4,0,clemson,duke
1155,6,1458,5,1,clemson,wisconsin
1155,6,1403,6,0,clemson,texas tech
1155,6,1196,7,1,clemson,florida
1155,6,1304,8,1,clemson,nebraska
1155,6,1401,9,1,clemson,texas a&m
1155,6,1129,10,0,clemson,boise st
1155,6,1301,11,1,clemson,n.c. state
1155,6,1241,12,0,clemson,james madison
1155,6,1436,13,1,clemson,vermont
1155,6,1324,14,1,clemson,oakland
1155,6,1443,15,1,clemson,w kentucky
1155,6,1255,16,1,clemson,longwood
1173,7,1280,8,1,dayton,mississippi st
1173,7,1277,9,1,dayton,michigan st
1173,7,1305,10,0,dayton,nevada
1173,7,1307,11,0,dayton,new mexico
1173,7,1213,12,1,dayton,grand canyon
1173,7,1158,13,1,dayton,charleston
1173,7,1159,14,1,dayton,colgate
1173,7,1253,15,1,dayton,long beach st
1173,7,1447,16,1,dayton,wagner
1173,7,1345,1,0,dayton,purdue
1173,7,1397,2,0,dayton,tennessee
1173,7,1166,3,0,dayton,creighton
1173,7,1242,4,0,dayton,kansas
1173,7,1211,5,0,dayton,gonzaga
1173,7,1376,6,0,dayton,south carolina
1173,7,1400,7,1,dayton,texas
1173,7,1429,8,0,dayton,utah st
1173,7,1395,9,1,dayton,tcu
1173,7,1161,10,1,dayton,colorado st
1173,7,1332,11,1,dayton,oregon
1173,7,1270,12,1,dayton,mcneese
1173,7,1359,13,0,dayton,samford
1173,7,1103,14,1,dayton,akron
1173,7,1389,15,1,dayton,saint peter's
1173,7,1212,16,1,dayton,grambling
1173,7,1222,1,0,dayton,houston
1173,7,1266,2,0,dayton,marquette
1173,7,1246,3,0,dayton,kentucky
1173,7,1181,4,0,dayton,duke
1173,7,1458,5,0,dayton,wisconsin
1173,7,1403,6,0,dayton,texas tech
1173,7,1196,7,1,dayton,florida
1173,7,1304,8,1,dayton,nebraska
1173,7,1401,9,1,dayton,texas a&m
1173,7,1129,10,1,dayton,boise st
1173,7,1301,11,1,dayton,n.c. state
1173,7,1241,12,1,dayton,james madison
1173,7,1436,13,1,dayton,vermont
1173,7,1324,14,1,dayton,oakland
1173,7,1443,15,1,dayton,w kentucky
1173,7,1255,16,1,dayton,longwood
1280,8,1277,9,0,mississippi st,michigan st
1280,8,1305,10,1,mississippi st,nevada
1280,8,1307,11,0,mississippi st,new mexico
1280,8,1213,12,0,mississippi st,grand canyon
1280,8,1158,13,1,mississippi st,charleston
1280,8,1159,14,1,mississippi st,colgate
1280,8,1253,15,1,mississippi st,long beach st
1280,8,1447,16,1,mississippi st,wagner
1280,8,1345,1,0,mississippi st,purdue
1280,8,1397,2,0,mississippi st,tennessee
1280,8,1166,3,0,mississippi st,creighton
1280,8,1242,4,0,mississippi st,kansas
1280,8,1211,5,0,mississippi st,gonzaga
1280,8,1376,6,0,mississippi st,south carolina
1280,8,1400,7,0,mississippi st,texas
1280,8,1429,8,1,mississippi st,utah st
1280,8,1395,9,0,mississippi st,tcu
1280,8,1161,10,1,mississippi st,colorado st
1280,8,1332,11,1,mississippi st,oregon
1280,8,1270,12,0,mississippi st,mcneese
1280,8,1359,13,0,mississippi st,samford
1280,8,1103,14,1,mississippi st,akron
1280,8,1389,15,1,mississippi st,saint peter's
1280,8,1212,16,1,mississippi st,grambling
1280,8,1222,1,0,mississippi st,houston
1280,8,1266,2,0,mississippi st,marquette
1280,8,1246,3,0,mississippi st,kentucky
1280,8,1181,4,0,mississippi st,duke
1280,8,1458,5,1,mississippi st,wisconsin
1280,8,1403,6,0,mississippi st,texas tech
1280,8,1196,7,0,mississippi st,florida
1280,8,1304,8,0,mississippi st,nebraska
1280,8,1401,9,0,mississippi st,texas a&m
1280,8,1129,10,1,mississippi st,boise st
1280,8,1301,11,1,mississippi st,n.c. state
1280,8,1241,12,0,mississippi st,james madison
1280,8,1436,13,0,mississippi st,vermont
1280,8,1324,14,1,mississippi st,oakland
1280,8,1443,15,1,mississippi st,w kentucky
1280,8,1255,16,1,mississippi st,longwood
1277,9,1305,10,1,michigan st,nevada
1277,9,1307,11,1,michigan st,new mexico
1277,9,1213,12,1,michigan st,grand canyon
1277,9,1158,13,1,michigan st,charleston
1277,9,1159,14,1,michigan st,colgate
1277,9,1253,15,1,michigan st,long beach st
1277,9,1447,16,1,michigan st,wagner
1277,9,1345,1,0,michigan st,purdue
1277,9,1397,2,0,michigan st,tennessee
1277,9,1166,3,0,michigan st,creighton
1277,9,1242,4,0,michigan st,kansas
1277,9,1211,5,0,michigan st,gonzaga
1277,9,1376,6,0,michigan st,south carolina
1277,9,1400,7,1,michigan st,texas
1277,9,1429,8,1,michigan st,utah st
1277,9,1395,9,1,michigan st,tcu
1277,9,1161,10,1,michigan st,colorado st
1277,9,1332,11,1,michigan st,oregon
1277,9,1270,12,1,michigan st,mcneese
1277,9,1359,13,1,michigan st,samford
1277,9,1103,14,1,michigan st,akron
1277,9,1389,15,1,michigan st,saint peter's
1277,9,1212,16,1,michigan st,grambling
1277,9,1222,1,0,michigan st,houston
1277,9,1266,2,0,michigan st,marquette
1277,9,1246,3,0,michigan st,kentucky
1277,9,1181,4,0,michigan st,duke
1277,9,1458,5,1,michigan st,wisconsin
1277,9,1403,6,1,michigan st,texas tech
1277,9,1196,7,1,michigan st,florida
1277,9,1304,8,1,michigan st,nebraska
1277,9,1401,9,0,michigan st,texas a&m
1277,9,1129,10,1,michigan st,boise st
1277,9,1301,11,1,michigan st,n.c. state
1277,9,1241,12,1,michigan st,james madison
1277,9,1436,13,1,michigan st,vermont
1277,9,1324,14,1,michigan st,oakland
1277,9,1443,15,1,michigan st,w kentucky
1277,9,1255,16,1,michigan st,longwood
1305,10,1307,11,0,nevada,new mexico
1305,10,1213,12,1,nevada,grand canyon
1305,10,1158,13,0,nevada,charleston
1305,10,1159,14,1,nevada,colgate
1305,10,1253,15,1,nevada,long beach st
1305,10,1447,16,1,nevada,wagner
1305,10,1345,1,0,nevada,purdue
1305,10,1397,2,0,nevada,tennessee
1305,10,1166,3,0,nevada,creighton
1305,10,1242,4,0,nevada,kansas
1305,10,1211,5,0,nevada,gonzaga
1305,10,1376,6,0,nevada,south carolina
1305,10,1400,7,0,nevada,texas
1305,10,1429,8,0,nevada,utah st
1305,10,1395,9,0,nevada,tcu
1305,10,1161,10,0,nevada,colorado st
1305,10,1332,11,1,nevada,oregon
1305,10,1270,12,0,nevada,mcneese
1305,10,1359,13,0,nevada,samford
1305,10,1103,14,1,nevada,akron
1305,10,1389,15,1,nevada,saint peter's
1305,10,1212,16,1,nevada,grambling
1305,10,1222,1,0,nevada,houston
1305,10,1266,2,0,nevada,marquette
1305,10,1246,3,0,nevada,kentucky
1305,10,1181,4,0,nevada,duke
1305,10,1458,5,0,nevada,wisconsin
1305,10,1403,6,0,nevada,texas tech
1305,10,1196,7,0,nevada,florida
1305,10,1304,8,0,nevada,nebraska
1305,10,1401,9,0,nevada,texas a&m
1305,10,1129,10,1,nevada,boise st
1305,10,1301,11,0,nevada,n.c. state
1305,10,1241,12,0,nevada,james madison
1305,10,1436,13,1,nevada,vermont
1305,10,1324,14,1,nevada,oakland
1305,10,1443,15,1,nevada,w kentucky
1305,10,1255,16,1,nevada,longwood
1307,11,1213,12,1,new mexico,grand canyon
1307,11,1158,13,1,new mexico,charleston
1307,11,1159,14,1,new mexico,colgate
1307,11,1253,15,1,new mexico,long beach st
1307,11,1447,16,1,new mexico,wagner
1307,11,1345,1,0,new mexico,purdue
1307,11,1397,2,0,new mexico,tennessee
1307,11,1166,3,0,new mexico,creighton
1307,11,1242,4,0,new mexico,kansas
1307,11,1211,5,0,new mexico,gonzaga
1307,11,1376,6,0,new mexico,south carolina
1307,11,1400,7,1,new mexico,texas
1307,11,1429,8,0,new mexico,utah st
1307,11,1395,9,0,new mexico,tcu
1307,11,1161,10,1,new mexico,colorado st
1307,11,1332,11,1,new mexico,oregon
1307,11,1270,12,0,new mexico,mcneese
1307,11,1359,13,1,new mexico,samford
1307,11,1103,14,1,new mexico,akron
1307,11,1389,15,1,new mexico,saint peter's
1307,11,1212,16,1,new mexico,grambling
1307,11,1222,1,0,new mexico,houston
1307,11,1266,2,0,new mexico,marquette
1307,11,1246,3,0,new mexico,kentucky
1307,11,1181,4,0,new mexico,duke
1307,11,1458,5,1,new mexico,wisconsin
1307,11,1403,6,1,new mexico,texas tech
1307,11,1196,7,1,new mexico,florida
1307,11,1304,8,1,new mexico,nebraska
1307,11,1401,9,0,new mexico,texas a&m
1307,11,1129,10,1,new mexico,boise st
1307,11,1301,11,1,new mexico,n.c. state
1307,11,1241,12,1,new mexico,james madison
1307,11,1436,13,1,new mexico,vermont
1307,11,1324,14,1,new mexico,oakland
1307,11,1443,15,1,new mexico,w kentucky
1307,11,1255,16,1,new mexico,longwood
1213,12,1158,13,0,grand canyon,charleston
1213,12,1159,14,1,grand canyon,colgate
1213,12,1253,15,1,grand canyon,long beach st
1213,12,1447,16,1,grand canyon,wagner
1213,12,1345,1,0,grand canyon,purdue
1213,12,1397,2,0,grand canyon,tennessee
1213,12,1166,3,0,grand canyon,creighton
1213,12,1242,4,0,grand canyon,kansas
1213,12,1211,5,0,grand canyon,gonzaga
1213,12,1376,6,0,grand canyon,south carolina
1213,12,1400,7,0,grand canyon,texas
1213,12,1429,8,0,grand canyon,utah st
1213,12,1395,9,0,grand canyon,tcu
1213,12,1161,10,0,grand canyon,colorado st
1213,12,1332,11,1,grand canyon,oregon
1213,12,1270,12,0,grand canyon,mcneese
1213,12,1359,13,0,grand canyon,samford
1213,12,1103,14,1,grand canyon,akron
1213,12,1389,15,1,grand canyon,saint peter's
1213,12,1212,16,1,grand canyon,grambling
1213,12,1222,1,0,grand canyon,houston
1213,12,1266,2,0,grand canyon,marquette
1213,12,1246,3,0,grand canyon,kentucky
1213,12,1181,4,0,grand canyon,duke
1213,12,1458,5,0,grand canyon,wisconsin
1213,12,1403,6,0,grand canyon,texas tech
1213,12,1196,7,0,grand canyon,florida
1213,12,1304,8,0,grand canyon,nebraska
1213,12,1401,9,0,grand canyon,texas a&m
1213,12,1129,10,1,grand canyon,boise st
1213,12,1301,11,1,grand canyon,n.c. state
1213,12,1241,12,1,grand canyon,james madison
1213,12,1436,13,1,grand canyon,vermont
1213,12,1324,14,1,grand canyon,oakland
1213,12,1443,15,1,grand canyon,w kentucky
1213,12,1255,16,1,grand canyon,longwood
1158,13,1159,14,1,charleston,colgate
1158,13,1253,15,1,charleston,long beach st
1158,13,1447,16,1,charleston,wagner
1158,13,1345,1,0,charleston,purdue
1158,13,1397,2,0,charleston,tennessee
1158,13,1166,3,0,charleston,creighton
1158,13,1242,4,0,charleston,kansas
1158,13,1211,5,0,charleston,gonzaga
1158,13,1376,6,0,charleston,south carolina
1158,13,1400,7,0,charleston,texas
1158,13,1429,8,1,charleston,utah st
1158,13,1395,9,0,charleston,tcu
1158,13,1161,10,0,charleston,colorado st
1158,13,1332,11,1,charleston,oregon
1158,13,1270,12,0,charleston,mcneese
1158,13,1359,13,0,charleston,samford
1158,13,1103,14,0,charleston,akron
1158,13,1389,15,1,charleston,saint peter's
1158,13,1212,16,1,charleston,grambling
1158,13,1222,1,0,charleston,houston
1158,13,1266,2,0,charleston,marquette
1158,13,1246,3,0,charleston,kentucky
1158,13,1181,4,0,charleston,duke
1158,13,1458,5,0,charleston,wisconsin
1158,13,1403,6,0,charleston,texas tech
1158,13,1196,7,0,charleston,florida
1158,13,1304,8,0,charleston,nebraska
1158,13,1401,9,0,charleston,texas a&m
1158,13,1129,10,0,charleston,boise st
1158,13,1301,11,0,charleston,n.c. state
1158,13,1241,12,0,charleston,james madison
1158,13,1436,13,0,charleston,vermont
1158,13,1324,14,0,charleston,oakland
1158,13,1443,15,1,charleston,w kentucky
1158,13,1255,16,1,charleston,longwood
1159,14,1253,15,1,colgate,long beach st
1159,14,1447,16,1,colgate,wagner
1159,14,1345,1,0,colgate,purdue
1159,14,1397,2,0,colgate,tennessee
1159,14,1166,3,0,colgate,creighton
1159,14,1242,4,0,colgate,kansas
1159,14,1211,5,0,colgate,gonzaga
1159,14,1376,6,0,colgate,south carolina
1159,14,1400,7,0,colgate,texas
1159,14,1429,8,0,colgate,utah st
1159,14,1395,9,0,colgate,tcu
1159,14,1161,10,0,colgate,colorado st
1159,14,1332,11,1,colgate,oregon
1159,14,1270,12,0,colgate,mcneese
1159,14,1359,13,0,colgate,samford
1159,14,1103,14,1,colgate,akron
1159,14,1389,15,1,colgate,saint peter's
1159,14,1212,16,1,colgate,grambling
1159,14,1222,1,0,colgate,houston
1159,14,1266,2,0,colgate,marquette
1159,14,1246,3,0,colgate,kentucky
1159,14,1181,4,0,colgate,duke
1159,14,1458,5,0,colgate,wisconsin
1159,14,1403,6,0,colgate,texas tech
1159,14,1196,7,0,colgate,florida
1159,14,1304,8,0,colgate,nebraska
1159,14,1401,9,0,colgate,texas a&m
1159,14,1129,10,0,colgate,boise st
1159,14,1301,11,0,colgate,n.c. state
1159,14,1241,12,0,colgate,james madison
1159,14,1436,13,0,colgate,vermont
1159,14,1324,14,0,colgate,oakland
1159,14,1443,15,1,colgate,w kentucky
1159,14,1255,16,1,colgate,longwood
1253,15,1447,16,1,long beach st,wagner
1253,15,1345,1,0,long beach st,purdue
1253,15,1397,2,0,long beach st,tennessee
1253,15,1166,3,0,long beach st,creighton
1253,15,1242,4,0,long beach st,kansas
1253,15,1211,5,0,long beach st,gonzaga
1253,15,1376,6,0,long beach st,south carolina
1253,15,1400,7,0,long beach st,texas
1253,15,1429,8,0,long beach st,utah st
1253,15,1395,9,0,long beach st,tcu
1253,15,1161,10,0,long beach st,colorado st
1253,15,1332,11,0,long beach st,oregon
1253,15,1270,12,0,long beach st,mcneese
1253,15,1359,13,0,long beach st,samford
1253,15,1103,14,0,long beach st,akron
1253,15,1389,15,1,long beach st,saint peter's
1253,15,1212,16,1,long beach st,grambling
1253,15,1222,1,0,long beach st,houston
1253,15,1266,2,0,long beach st,marquette
1253,15,1246,3,0,long beach st,kentucky
1253,15,1181,4,0,long beach st,duke
1253,15,1458,5,0,long beach st,wisconsin
1253,15,1403,6,0,long beach st,texas tech
1253,15,1196,7,0,long beach st,florida
1253,15,1304,8,0,long beach st,nebraska
1253,15,1401,9,0,long beach st,texas a&m
1253,15,1129,10,0,long beach st,boise st
1253,15,1301,11,0,long beach st,n.c. state
1253,15,1241,12,0,long beach st,james madison
1253,15,1436,13,0,long beach st,vermont
1253,15,1324,14,0,long beach st,oakland
1253,15,1443,15,1,long beach st,w kentucky
1253,15,1255,16,1,long beach st,longwood
1447,16,1345,1,0,wagner,purdue
1447,16,1397,2,0,wagner,tennessee
1447,16,1166,3,0,wagner,creighton
1447,16,1242,4,0,wagner,kansas
1447,16,1211,5,0,wagner,gonzaga
1447,16,1376,6,0,wagner,south carolina
1447,16,1400,7,0,wagner,texas
1447,16,1429,8,0,wagner,utah st
1447,16,1395,9,0,wagner,tcu
1447,16,1161,10,0,wagner,colorado st
1447,16,1332,11,0,wagner,oregon
1447,16,1270,12,0,wagner,mcneese
1447,16,1359,13,0,wagner,samford
1447,16,1103,14,0,wagner,akron
1447,16,1389,15,1,wagner,saint peter's
1447,16,1212,16,1,wagner,grambling
1447,16,1222,1,0,wagner,houston
1447,16,1266,2,0,wagner,marquette
1447,16,1246,3,0,wagner,kentucky
1447,16,1181,4,0,wagner,duke
1447,16,1458,5,0,wagner,wisconsin
1447,16,1403,6,0,wagner,texas tech
1447,16,1196,7,0,wagner,florida
1447,16,1304,8,0,wagner,nebraska
1447,16,1401,9,0,wagner,texas a&m
1447,16,1129,10,0,wagner,boise st
1447,16,1301,11,0,wagner,n.c. state
1447,16,1241,12,0,wagner,james madison
1447,16,1436,13,0,wagner,vermont
1447,16,1324,14,0,wagner,oakland
1447,16,1443,15,0,wagner,w kentucky
1447,16,1255,16,1,wagner,longwood
1345,1,1397,2,1,purdue,tennessee
1345,1,1166,3,1,purdue,creighton
1345,1,1242,4,1,purdue,kansas
1345,1,1211,5,1,purdue,gonzaga
1345,1,1376,6,1,purdue,south carolina
1345,1,1400,7,1,purdue,texas
1345,1,1429,8,1,purdue,utah st
1345,1,1395,9,1,purdue,tcu
1345,1,1161,10,1,purdue,colorado st
1345,1,1332,11,1,purdue,oregon
1345,1,1270,12,1,purdue,mcneese
1345,1,1359,13,1,purdue,samford
1345,1,1103,14,1,purdue,akron
1345,1,1389,15,1,purdue,saint peter's
1345,1,1212,16,1,purdue,grambling
1345,1,1222,1,1,purdue,houston
1345,1,1266,2,0,purdue,marquette
1345,1,1246,3,1,purdue,kentucky
1345,1,1181,4,1,purdue,duke
1345,1,1458,5,1,purdue,wisconsin
1345,1,1403,6,1,purdue,texas tech
1345,1,1196,7,1,purdue,florida
1345,1,1304,8,1,purdue,nebraska
1345,1,1401,9,1,purdue,texas a&m
1345,1,1129,10,1,purdue,boise st
1345,1,1301,11,1,purdue,n.c. state
1345,1,1241,12,1,purdue,james madison
1345,1,1436,13,1,purdue,vermont
1345,1,1324,14,1,purdue,oakland
1345,1,1443,15,1,purdue,w kentucky
1345,1,1255,16,1,purdue,longwood
1397,2,1166,3,0,tennessee,creighton
1397,2,1242,4,1,tennessee,kansas
1397,2,1211,5,1,tennessee,gonzaga
1397,2,1376,6,1,tennessee,south carolina
1397,2,1400,7,1,tennessee,texas
1397,2,1429,8,1,tennessee,utah st
1397,2,1395,9,1,tennessee,tcu
1397,2,1161,10,1,tennessee,colorado st
1397,2,1332,11,1,tennessee,oregon
1397,2,1270,12,1,tennessee,mcneese
1397,2,1359,13,1,tennessee,samford
1397,2,1103,14,1,tennessee,akron
1397,2,1389,15,1,tennessee,saint peter's
1397,2,1212,16,1,tennessee,grambling
1397,2,1222,1,0,tennessee,houston
1397,2,1266,2,0,tennessee,marquette
1397,2,1246,3,1,tennessee,kentucky
1397,2,1181,4,1,tennessee,duke
1397,2,1458,5,1,tennessee,wisconsin
1397,2,1403,6,1,tennessee,texas tech
1397,2,1196,7,1,tennessee,florida
1397,2,1304,8,1,tennessee,nebraska
1397,2,1401,9,1,tennessee,texas a&m
1397,2,1129,10,1,tennessee,boise st
1397,2,1301,11,1,tennessee,n.c. state
1397,2,1241,12,1,tennessee,james madison
1397,2,1436,13,1,tennessee,vermont
1397,2,1324,14,1,tennessee,oakland
1397,2,1443,15,1,tennessee,w kentucky
1397,2,1255,16,1,tennessee,longwood
1166,3,1242,4,1,creighton,kansas
1166,3,1211,5,1,creighton,gonzaga
1166,3,1376,6,1,creighton,south carolina
1166,3,1400,7,1,creighton,texas
1166,3,1429,8,1,creighton,utah st
1166,3,1395,9,1,creighton,tcu
1166,3,1161,10,1,creighton,colorado st
1166,3,1332,11,1,creighton,oregon
1166,3,1270,12,1,creighton,mcneese
1166,3,1359,13,1,creighton,samford
1166,3,1103,14,1,creighton,akron
1166,3,1389,15,1,creighton,saint peter's
1166,3,1212,16,1,creighton,grambling
1166,3,1222,1,0,creighton,houston
1166,3,1266,2,0,creighton,marquette
1166,3,1246,3,1,creighton,kentucky
1166,3,1181,4,1,creighton,duke
1166,3,1458,5,1,creighton,wisconsin
1166,3,1403,6,1,creighton,texas tech
1166,3,1196,7,1,creighton,florida
1166,3,1304,8,1,creighton,nebraska
1166,3,1401,9,1,creighton,texas a&m
1166,3,1129,10,1,creighton,boise st
1166,3,1301,11,1,creighton,n.c. state
1166,3,1241,12,1,creighton,james madison
1166,3,1436,13,1,creighton,vermont
1166,3,1324,14,1,creighton,oakland
1166,3,1443,15,1,creighton,w kentucky
1166,3,1255,16,1,creighton,longwood
1242,4,1211,5,0,kansas,gonzaga
1242,4,1376,6,1,kansas,south carolina
1242,4,1400,7,1,kansas,texas
1242,4,1429,8,1,kansas,utah st
1242,4,1395,9,1,kansas,tcu
1242,4,1161,10,1,kansas,colorado st
1242,4,1332,11,1,kansas,oregon
1242,4,1270,12,1,kansas,mcneese
1242,4,1359,13,1,kansas,samford
1242,4,1103,14,1,kansas,akron
1242,4,1389,15,1,kansas,saint peter's
1242,4,1212,16,1,kansas,grambling
1242,4,1222,1,0,kansas,houston
1242,4,1266,2,0,kansas,marquette
1242,4,1246,3,1,kansas,kentucky
1242,4,1181,4,0,kansas,duke
1242,4,1458,5,0,kansas,wisconsin
1242,4,1403,6,1,kansas,texas tech
1242,4,1196,7,1,kansas,florida
1242,4,1304,8,1,kansas,nebraska
1242,4,1401,9,1,kansas,texas a&m
1242,4,1129,10,1,kansas,boise st
1242,4,1301,11,1,kansas,n.c. state
1242,4,1241,12,1,kansas,james madison
1242,4,1436,13,1,kansas,vermont
1242,4,1324,14,1,kansas,oakland
1242,4,1443,15,1,kansas,w kentucky
1242,4,1255,16,1,kansas,longwood
1211,5,1376,6,1,gonzaga,south carolina
1211,5,1400,7,1,gonzaga,texas
1211,5,1429,8,1,gonzaga,utah st
1211,5,1395,9,1,gonzaga,tcu
1211,5,1161,10,1,gonzaga,colorado st
1211,5,1332,11,1,gonzaga,oregon
1211,5,1270,12,1,gonzaga,mcneese
1211,5,1359,13,1,gonzaga,samford
1211,5,1103,14,1,gonzaga,akron
1211,5,1389,15,1,gonzaga,saint peter's
1211,5,1212,16,1,gonzaga,grambling
1211,5,1222,1,0,gonzaga,houston
1211,5,1266,2,0,gonzaga,marquette
1211,5,1246,3,1,gonzaga,kentucky
1211,5,1181,4,1,gonzaga,duke
1211,5,1458,5,1,gonzaga,wisconsin
1211,5,1403,6,1,gonzaga,texas tech
1211,5,1196,7,1,gonzaga,florida
1211,5,1304,8,1,gonzaga,nebraska
1211,5,1401,9,1,gonzaga,texas a&m
1211,5,1129,10,1,gonzaga,boise st
1211,5,1301,11,1,gonzaga,n.c. state
1211,5,1241,12,1,gonzaga,james madison
1211,5,1436,13,1,gonzaga,vermont
1211,5,1324,14,1,gonzaga,oakland
1211,5,1443,15,1,gonzaga,w kentucky
1211,5,1255,16,1,gonzaga,longwood
1376,6,1400,7,0,south carolina,texas
1376,6,1429,8,1,south carolina,utah st
1376,6,1395,9,1,south carolina,tcu
1376,6,1161,10,1,south carolina,colorado st
1376,6,1332,11,1,south carolina,oregon
1376,6,1270,12,1,south carolina,mcneese
1376,6,1359,13,0,south carolina,samford
1376,6,1103,14,1,south carolina,akron
1376,6,1389,15,1,south carolina,saint peter's
1376,6,1212,16,1,south carolina,grambling
1376,6,1222,1,0,south carolina,houston
1376,6,1266,2,0,south carolina,marquette
1376,6,1246,3,0,south carolina,kentucky
1376,6,1181,4,0,south carolina,duke
1376,6,1458,5,0,south carolina,wisconsin
1376,6,1403,6,0,south carolina,texas tech
1376,6,1196,7,0,south carolina,florida
1376,6,1304,8,1,south carolina,nebraska
1376,6,1401,9,0,south carolina,texas a&m
1376,6,1129,10,1,south carolina,boise st
1376,6,1301,11,1,south carolina,n.c. state
1376,6,1241,12,0,south carolina,james madison
1376,6,1436,13,1,south carolina,vermont
1376,6,1324,14,1,south carolina,oakland
1376,6,1443,15,1,south carolina,w kentucky
1376,6,1255,16,1,south carolina,longwood
1400,7,1429,8,1,texas,utah st
1400,7,1395,9,1,texas,tcu
1400,7,1161,10,1,texas,colorado st
1400,7,1332,11,1,texas,oregon
1400,7,1270,12,0,texas,mcneese
1400,7,1359,13,1,texas,samford
1400,7,1103,14,1,texas,akron
1400,7,1389,15,1,texas,saint peter's
1400,7,1212,16,1,texas,grambling
1400,7,1222,1,0,texas,houston
1400,7,1266,2,0,texas,marquette
1400,7,1246,3,0,texas,kentucky
1400,7,1181,4,0,texas,duke
1400,7,1458,5,1,texas,wisconsin
1400,7,1403,6,1,texas,texas tech
1400,7,1196,7,1,texas,florida
1400,7,1304,8,1,texas,nebraska
1400,7,1401,9,1,texas,texas a&m
1400,7,1129,10,1,texas,boise st
1400,7,1301,11,1,texas,n.c. state
1400,7,1241,12,0,texas,james madison
1400,7,1436,13,1,texas,vermont
1400,7,1324,14,1,texas,oakland
1400,7,1443,15,1,texas,w kentucky
1400,7,1255,16,1,texas,longwood
1429,8,1395,9,0,utah st,tcu
1429,8,1161,10,0,utah st,colorado st
1429,8,1332,11,1,utah st,oregon
1429,8,1270,12,0,utah st,mcneese
1429,8,1359,13,1,utah st,samford
1429,8,1103,14,1,utah st,akron
1429,8,1389,15,1,utah st,saint peter's
1429,8,1212,16,1,utah st,grambling
1429,8,1222,1,0,utah st,houston
1429,8,1266,2,0,utah st,marquette
1429,8,1246,3,0,utah st,kentucky
1429,8,1181,4,0,utah st,duke
1429,8,1458,5,0,utah st,wisconsin
1429,8,1403,6,0,utah st,texas tech
1429,8,1196,7,1,utah st,florida
1429,8,1304,8,0,utah st,nebraska
1429,8,1401,9,1,utah st,texas a&m
1429,8,1129,10,1,utah st,boise st
1429,8,1301,11,0,utah st,n.c. state
1429,8,1241,12,0,utah st,james madison
1429,8,1436,13,1,utah st,vermont
1429,8,1324,14,1,utah st,oakland
1429,8,1443,15,1,utah st,w kentucky
1429,8,1255,16,1,utah st,longwood
1395,9,1161,10,0,tcu,colorado st
1395,9,1332,11,1,tcu,oregon
1395,9,1270,12,0,tcu,mcneese
1395,9,1359,13,1,tcu,samford
1395,9,1103,14,1,tcu,akron
1395,9,1389,15,1,tcu,saint peter's
1395,9,1212,16,1,tcu,grambling
1395,9,1222,1,0,tcu,houston
1395,9,1266,2,0,tcu,marquette
1395,9,1246,3,0,tcu,kentucky
1395,9,1181,4,0,tcu,duke
1395,9,1458,5,1,tcu,wisconsin
1395,9,1403,6,1,tcu,texas tech
1395,9,1196,7,1,tcu,florida
1395,9,1304,8,1,tcu,nebraska
1395,9,1401,9,0,tcu,texas a&m
1395,9,1129,10,1,tcu,boise st
1395,9,1301,11,1,tcu,n.c. state
1395,9,1241,12,1,tcu,james madison
1395,9,1436,13,1,tcu,vermont
1395,9,1324,14,1,tcu,oakland
1395,9,1443,15,1,tcu,w kentucky
1395,9,1255,16,1,tcu,longwood
1161,10,1332,11,0,colorado st,oregon
1161,10,1270,12,0,colorado st,mcneese
1161,10,1359,13,1,colorado st,samford
1161,10,1103,14,1,colorado st,akron
1161,10,1389,15,1,colorado st,saint peter's
1161,10,1212,16,1,colorado st,grambling
1161,10,1222,1,0,colorado st,houston
1161,10,1266,2,0,colorado st,marquette
1161,10,1246,3,0,colorado st,kentucky
1161,10,1181,4,0,colorado st,duke
1161,10,1458,5,0,colorado st,wisconsin
1161,10,1403,6,0,colorado st,texas tech
1161,10,1196,7,1,colorado st,florida
1161,10,1304,8,0,colorado st,nebraska
1161,10,1401,9,0,colorado st,texas a&m
1161,10,1129,10,0,colorado st,boise st
1161,10,1301,11,0,colorado st,n.c. state
1161,10,1241,12,0,colorado st,james madison
1161,10,1436,13,1,colorado st,vermont
1161,10,1324,14,1,colorado st,oakland
1161,10,1443,15,1,colorado st,w kentucky
1161,10,1255,16,1,colorado st,longwood
1332,11,1270,12,0,oregon,mcneese
1332,11,1359,13,0,oregon,samford
1332,11,1103,14,1,oregon,akron
1332,11,1389,15,1,oregon,saint peter's
1332,11,1212,16,1,oregon,grambling
1332,11,1222,1,0,oregon,houston
1332,11,1266,2,0,oregon,marquette
1332,11,1246,3,0,oregon,kentucky
1332,11,1181,4,0,oregon,duke
1332,11,1458,5,0,oregon,wisconsin
1332,11,1403,6,0,oregon,texas tech
1332,11,1196,7,0,oregon,florida
1332,11,1304,8,0,oregon,nebraska
1332,11,1401,9,0,oregon,texas a&m
1332,11,1129,10,0,oregon,boise st
1332,11,1301,11,0,oregon,n.c. state
1332,11,1241,12,0,oregon,james madison
1332,11,1436,13,0,oregon,vermont
1332,11,1324,14,1,oregon,oakland
1332,11,1443,15,1,oregon,w kentucky
1332,11,1255,16,1,oregon,longwood
1270,12,1359,13,1,mcneese,samford
1270,12,1103,14,1,mcneese,akron
1270,12,1389,15,1,mcneese,saint peter's
1270,12,1212,16,1,mcneese,grambling
1270,12,1222,1,0,mcneese,houston
1270,12,1266,2,0,mcneese,marquette
1270,12,1246,3,0,mcneese,kentucky
1270,12,1181,4,0,mcneese,duke
1270,12,1458,5,1,mcneese,wisconsin
1270,12,1403,6,0,mcneese,texas tech
1270,12,1196,7,1,mcneese,florida
1270,12,1304,8,1,mcneese,nebraska
1270,12,1401,9,1,mcneese,texas a&m
1270,12,1129,10,1,mcneese,boise st
1270,12,1301,11,1,mcneese,n.c. state
1270,12,1241,12,1,mcneese,james madison
1270,12,1436,13,1,mcneese,vermont
1270,12,1324,14,1,mcneese,oakland
1270,12,1443,15,1,mcneese,w kentucky
1270,12,1255,16,1,mcneese,longwood
1359,13,1103,14,1,samford,akron
1359,13,1389,15,1,samford,saint peter's
1359,13,1212,16,1,samford,grambling
1359,13,1222,1,0,samford,houston
1359,13,1266,2,0,samford,marquette
1359,13,1246,3,0,samford,kentucky
1359,13,1181,4,0,samford,duke
1359,13,1458,5,0,samford,wisconsin
1359,13,1403,6,0,samford,texas tech
1359,13,1196,7,0,samford,florida
1359,13,1304,8,1,samford,nebraska
1359,13,1401,9,0,samford,texas a&m
1359,13,1129,10,1,samford,boise st
1359,13,1301,11,1,samford,n.c. state
1359,13,1241,12,1,samford,james madison
1359,13,1436,13,1,samford,vermont
1359,13,1324,14,1,samford,oakland
1359,13,1443,15,1,samford,w kentucky
1359,13,1255,16,1,samford,longwood
1103,14,1389,15,1,akron,saint peter's
1103,14,1212,16,1,akron,grambling
1103,14,1222,1,0,akron,houston
1103,14,1266,2,0,akron,marquette
1103,14,1246,3,0,akron,kentucky
1103,14,1181,4,0,akron,duke
1103,14,1458,5,0,akron,wisconsin
1103,14,1403,6,0,akron,texas tech
1103,14,1196,7,0,akron,florida
1103,14,1304,8,0,akron,nebraska
1103,14,1401,9,0,akron,texas a&m
1103,14,1129,10,0,akron,boise st
1103,14,1301,11,0,akron,n.c. state
1103,14,1241,12,0,akron,james madison
1103,14,1436,13,0,akron,vermont
1103,14,1324,14,1,akron,oakland
1103,14,1443,15,1,akron,w kentucky
1103,14,1255,16,1,akron,longwood
1389,15,1212,16,1,saint peter's,grambling
1389,15,1222,1,0,saint peter's,houston
1389,15,1266,2,0,saint peter's,marquette
1389,15,1246,3,0,saint peter's,kentucky
1389,15,1181,4,0,saint peter's,duke
1389,15,1458,5,0,saint peter's,wisconsin
1389,15,1403,6,0,saint peter's,texas tech
1389,15,1196,7,0,saint peter's,florida
1389,15,1304,8,0,saint peter's,nebraska
1389,15,1401,9,0,saint peter's,texas a&m
1389,15,1129,10,0,saint peter's,boise st
1389,15,1301,11,0,saint peter's,n.c. state
1389,15,1241,12,0,saint peter's,james madison
1389,15,1436,13,0,saint peter's,vermont
1389,15,1324,14,1,saint peter's,oakland
1389,15,1443,15,0,saint peter's,w kentucky
1389,15,1255,16,1,saint peter's,longwood
1212,16,1222,1,0,grambling,houston
1212,16,1266,2,0,grambling,marquette
1212,16,1246,3,0,grambling,kentucky
1212,16,1181,4,0,grambling,duke
1212,16,1458,5,0,grambling,wisconsin
1212,16,1403,6,0,grambling,texas tech
1212,16,1196,7,0,grambling,florida
1212,16,1304,8,0,grambling,nebraska
1212,16,1401,9,0,grambling,texas a&m
1212,16,1129,10,0,grambling,boise st
1212,16,1301,11,0,grambling,n.c. state
1212,16,1241,12,0,grambling,james madison
1212,16,1436,13,0,grambling,vermont
1212,16,1324,14,0,grambling,oakland
1212,16,1443,15,0,grambling,w kentucky
1212,16,1255,16,0,grambling,longwood
1222,1,1266,2,1,houston,marquette
1222,1,1246,3,0,houston,kentucky
1222,1,1181,4,1,houston,duke
1222,1,1458,5,1,houston,wisconsin
1222,1,1403,6,1,houston,texas tech
1222,1,1196,7,1,houston,florida
1222,1,1304,8,1,houston,nebraska
1222,1,1401,9,1,houston,texas a&m
1222,1,1129,10,1,houston,boise st
1222,1,1301,11,1,houston,n.c. state
1222,1,1241,12,1,houston,james madison
1222,1,1436,13,1,houston,vermont
1222,1,1324,14,1,houston,oakland
1222,1,1443,15,1,houston,w kentucky
1222,1,1255,16,1,houston,longwood
1266,2,1246,3,1,marquette,kentucky
1266,2,1181,4,1,marquette,duke
1266,2,1458,5,1,marquette,wisconsin
1266,2,1403,6,1,marquette,texas tech
1266,2,1196,7,1,marquette,florida
1266,2,1304,8,1,marquette,nebraska
1266,2,1401,9,1,marquette,texas a&m
1266,2,1129,10,1,marquette,boise st
1266,2,1301,11,1,marquette,n.c. state
1266,2,1241,12,1,marquette,james madison
1266,2,1436,13,1,marquette,vermont
1266,2,1324,14,1,marquette,oakland
1266,2,1443,15,1,marquette,w kentucky
1266,2,1255,16,1,marquette,longwood
1246,3,1181,4,0,kentucky,duke
1246,3,1458,5,1,kentucky,wisconsin
1246,3,1403,6,1,kentucky,texas tech
1246,3,1196,7,1,kentucky,florida
1246,3,1304,8,1,kentucky,nebraska
1246,3,1401,9,1,kentucky,texas a&m
1246,3,1129,10,1,kentucky,boise st
1246,3,1301,11,1,kentucky,n.c. state
1246,3,1241,12,1,kentucky,james madison
1246,3,1436,13,1,kentucky,vermont
1246,3,1324,14,1,kentucky,oakland
1246,3,1443,15,1,kentucky,w kentucky
1246,3,1255,16,1,kentucky,longwood
1181,4,1458,5,1,duke,wisconsin
1181,4,1403,6,0,duke,texas tech
1181,4,1196,7,1,duke,florida
1181,4,1304,8,1,duke,nebraska
1181,4,1401,9,1,duke,texas a&m
1181,4,1129,10,1,duke,boise st
1181,4,1301,11,1,duke,n.c. state
1181,4,1241,12,1,duke,james madison
1181,4,1436,13,1,duke,vermont
1181,4,1324,14,1,duke,oakland
1181,4,1443,15,1,duke,w kentucky
1181,4,1255,16,1,duke,longwood
1458,5,1403,6,1,wisconsin,texas tech
1458,5,1196,7,0,wisconsin,florida
1458,5,1304,8,1,wisconsin,nebraska
1458,5,1401,9,1,wisconsin,texas a&m
1458,5,1129,10,1,wisconsin,boise st
1458,5,1301,11,1,wisconsin,n.c. state
1458,5,1241,12,0,wisconsin,james madison
1458,5,1436,13,1,wisconsin,vermont
1458,5,1324,14,1,wisconsin,oakland
1458,5,1443,15,1,wisconsin,w kentucky
1458,5,1255,16,1,wisconsin,longwood
1403,6,1196,7,0,texas tech,florida
1403,6,1304,8,1,texas tech,nebraska
1403,6,1401,9,1,texas tech,texas a&m
1403,6,1129,10,1,texas tech,boise st
1403,6,1301,11,1,texas tech,n.c. state
1403,6,1241,12,1,texas tech,james madison
1403,6,1436,13,1,texas tech,vermont
1403,6,1324,14,1,texas tech,oakland
1403,6,1443,15,1,texas tech,w kentucky
1403,6,1255,16,1,texas tech,longwood
1196,7,1304,8,1,florida,nebraska
1196,7,1401,9,1,florida,texas a&m
1196,7,1129,10,1,florida,boise st
1196,7,1301,11,1,florida,n.c. state
1196,7,1241,12,0,florida,james madison
1196,7,1436,13,1,florida,vermont
1196,7,1324,14,1,florida,oakland
1196,7,1443,15,1,florida,w kentucky
1196,7,1255,16,1,florida,longwood
1304,8,1401,9,1,nebraska,texas a&m
1304,8,1129,10,1,nebraska,boise st
1304,8,1301,11,1,nebraska,n.c. state
1304,8,1241,12,0,nebraska,james madison
1304,8,1436,13,1,nebraska,vermont
1304,8,1324,14,1,nebraska,oakland
1304,8,1443,15,1,nebraska,w kentucky
1304,8,1255,16,1,nebraska,longwood
1401,9,1129,10,1,texas a&m,boise st
1401,9,1301,11,1,texas a&m,n.c. state
1401,9,1241,12,0,texas a&m,james madison
1401,9,1436,13,1,texas a&m,vermont
1401,9,1324,14,1,texas a&m,oakland
1401,9,1443,15,1,texas a&m,w kentucky
1401,9,1255,16,1,texas a&m,longwood
1129,10,1301,11,0,boise st,n.c. state
1129,10,1241,12,0,boise st,james madison
1129,10,1436,13,1,boise st,vermont
1129,10,1324,14,1,boise st,oakland
1129,10,1443,15,1,boise st,w kentucky
1129,10,1255,16,1,boise st,longwood
1301,11,1241,12,0,n.c. state,james madison
1301,11,1436,13,0,n.c. state,vermont
1301,11,1324,14,1,n.c. state,oakland
1301,11,1443,15,1,n.c. state,w kentucky
1301,11,1255,16,1,n.c. state,longwood
1241,12,1436,13,1,james madison,vermont
1241,12,1324,14,1,james madison,oakland
1241,12,1443,15,1,james madison,w kentucky
1241,12,1255,16,1,james madison,longwood
1436,13,1324,14,0,vermont,oakland
1436,13,1443,15,1,vermont,w kentucky
1436,13,1255,16,1,vermont,longwood
1324,14,1443,15,1,oakland,w kentucky
1324,14,1255,16,1,oakland,longwood
1443,15,1255,16,1,w kentucky,longwood
